Date,Commit,RACE_GROUP,CASE_RATE_ADJ,HOSPITALIZED_RATE_ADJ,DEATH_RATE_ADJ,CASE_COUNT,HOSPITALIZED_COUNT,DEATH_COUNT
2020-12-12,3333e6369a3b5563815b2fccb55a5556bc72beb4,Asian/Pacific-Islander,1262.41,316.89,110.49,16845,4409,1480
2020-12-12,3333e6369a3b5563815b2fccb55a5556bc72beb4,Black/African-American,2317.12,779.32,249.13,46060,16604,5423
2020-12-12,3333e6369a3b5563815b2fccb55a5556bc72beb4,Hispanic/Latino,2880.52,796.61,267.06,69699,18828,6070
2020-12-12,3333e6369a3b5563815b2fccb55a5556bc72beb4,White,1964.96,388.01,128.57,57176,13740,5072
2020-12-11,4250efeaabe764e736c618edb882b48630d51f18,Asian/Pacific-Islander,1246.19,314.05,110.37,16637,4370,1478
2020-12-11,4250efeaabe764e736c618edb882b48630d51f18,Black/African-American,2301.23,777.41,249.2,45765,16564,5424
2020-12-11,4250efeaabe764e736c618edb882b48630d51f18,Hispanic/Latino,2852.21,793.11,266.54,69016,18744,6059
2020-12-11,4250efeaabe764e736c618edb882b48630d51f18,White,1939.11,385.36,128.56,56471,13650,5072
2020-12-10,46ab169e83d19fa8ad7051a3e1bab162ef0c1aca,Asian/Pacific-Islander,1229.27,312.19,109.79,16417,4342,1470
2020-12-10,46ab169e83d19fa8ad7051a3e1bab162ef0c1aca,Black/African-American,2286.14,775.25,248.91,45486,16522,5418
2020-12-10,46ab169e83d19fa8ad7051a3e1bab162ef0c1aca,Hispanic/Latino,2824.11,790.32,266.32,68336,18676,6054
2020-12-10,46ab169e83d19fa8ad7051a3e1bab162ef0c1aca,White,1918.26,384.0,128.32,55905,13605,5063
2020-12-09,b54fa3dcf7387a78208021280c7f6f6dd27bfd93,Asian/Pacific-Islander,1211.63,310.7,109.7,16179,4320,1469
2020-12-09,b54fa3dcf7387a78208021280c7f6f6dd27bfd93,Black/African-American,2265.4,772.84,248.84,45098,16473,5416
2020-12-09,b54fa3dcf7387a78208021280c7f6f6dd27bfd93,Hispanic/Latino,2788.08,786.61,266.32,67455,18586,6055
2020-12-09,b54fa3dcf7387a78208021280c7f6f6dd27bfd93,White,1895.93,382.0,128.15,55291,13538,5056
2020-12-08,2a2295acc84a0c6f42617bfd60236d7b13c264e9,Asian/Pacific-Islander,1197.44,309.25,109.57,15998,4299,1467
2020-12-08,2a2295acc84a0c6f42617bfd60236d7b13c264e9,Black/African-American,2251.89,771.23,248.65,44851,16439,5412
2020-12-08,2a2295acc84a0c6f42617bfd60236d7b13c264e9,Hispanic/Latino,2766.08,783.84,266.24,66917,18520,6054
2020-12-08,2a2295acc84a0c6f42617bfd60236d7b13c264e9,White,1876.25,379.97,128.24,54764,13467,5059
2020-12-07,ef4c1c4fc937cbe5942e5d2535d36d14710c16ab,Asian/Pacific-Islander,1185.3,308.13,109.48,15845,4283,1466
2020-12-07,ef4c1c4fc937cbe5942e5d2535d36d14710c16ab,Black/African-American,2237.86,768.75,248.55,44587,16388,5410
2020-12-07,ef4c1c4fc937cbe5942e5d2535d36d14710c16ab,Hispanic/Latino,2739.07,781.44,266.27,66260,18463,6055
2020-12-07,ef4c1c4fc937cbe5942e5d2535d36d14710c16ab,White,1859.41,378.09,127.99,54309,13398,5049
2020-12-06,e3f3b1dc540d0b4b23d43ff4c2954a22effff7c4,Asian/Pacific-Islander,1172.42,307.37,109.5,15679,4273,1466
2020-12-06,e3f3b1dc540d0b4b23d43ff4c2954a22effff7c4,Black/African-American,2225.28,767.54,248.41,44354,16363,5407
2020-12-06,e3f3b1dc540d0b4b23d43ff4c2954a22effff7c4,Hispanic/Latino,2713.17,779.58,265.79,65632,18420,6045
2020-12-06,e3f3b1dc540d0b4b23d43ff4c2954a22effff7c4,White,1839.47,377.28,127.89,53787,13369,5045
2020-12-05,6d18f8da3c91369bd3d494f0ea3a67e2b2e42731,Asian/Pacific-Islander,1152.49,306.21,109.44,15424,4258,1465
2020-12-05,6d18f8da3c91369bd3d494f0ea3a67e2b2e42731,Black/African-American,2206.86,766.42,248.37,44013,16338,5406
2020-12-05,6d18f8da3c91369bd3d494f0ea3a67e2b2e42731,Hispanic/Latino,2681.78,777.5,265.74,64863,18372,6044
2020-12-05,6d18f8da3c91369bd3d494f0ea3a67e2b2e42731,White,1812.44,375.7,127.7,53069,13316,5037
2020-12-04,4fd1bbc582ea11e00895edaaf1b87cca633f75f2,Asian/Pacific-Islander,1134.35,305.29,109.74,15190,4242,1469
2020-12-04,4fd1bbc582ea11e00895edaaf1b87cca633f75f2,Black/African-American,2187.99,765.21,248.14,43656,16311,5401
2020-12-04,4fd1bbc582ea11e00895edaaf1b87cca633f75f2,Hispanic/Latino,2636.18,773.14,265.5,63759,18271,6039
2020-12-04,4fd1bbc582ea11e00895edaaf1b87cca633f75f2,White,1785.71,374.06,127.45,52365,13253,5027
2020-12-03,08df4c528a7fb5d703438ebfef63d620b79685d5,Asian/Pacific-Islander,1107.03,303.58,109.61,14834,4219,1467
2020-12-03,08df4c528a7fb5d703438ebfef63d620b79685d5,Black/African-American,2158.57,762.63,248.0,43102,16255,5398
2020-12-03,08df4c528a7fb5d703438ebfef63d620b79685d5,Hispanic/Latino,2578.13,770.11,265.35,62351,18199,6036
2020-12-03,08df4c528a7fb5d703438ebfef63d620b79685d5,White,1745.06,372.63,127.28,51259,13204,5020
2020-12-02,6c5826345d7545fa1c11c1567030b8e61076133d,Asian/Pacific-Islander,1106.56,303.04,109.73,14826,4210,1468
2020-12-02,6c5826345d7545fa1c11c1567030b8e61076133d,Black/African-American,2158.35,761.62,247.84,43096,16234,5394
2020-12-02,6c5826345d7545fa1c11c1567030b8e61076133d,Hispanic/Latino,2578.08,768.89,265.4,62349,18170,6037
2020-12-02,6c5826345d7545fa1c11c1567030b8e61076133d,White,1743.83,371.48,127.26,51222,13165,5019
2020-12-01,e645051cb6e874a7e856f7f24fccdab3a2e4cb9e,Asian/Pacific-Islander,1096.32,302.58,109.75,14697,4203,1468
2020-12-01,e645051cb6e874a7e856f7f24fccdab3a2e4cb9e,Black/African-American,2144.94,761.09,247.98,42841,16223,5396
2020-12-01,e645051cb6e874a7e856f7f24fccdab3a2e4cb9e,Hispanic/Latino,2564.42,767.83,265.27,62017,18144,6034
2020-12-01,e645051cb6e874a7e856f7f24fccdab3a2e4cb9e,White,1725.58,370.94,127.12,50750,13147,5014
2020-11-30,98897168a67257d219f6e60017fb35c182dd295a,Asian/Pacific-Islander,1087.62,301.35,109.75,14581,4186,1468
2020-11-30,98897168a67257d219f6e60017fb35c182dd295a,Black/African-American,2136.72,760.1,247.98,42683,16201,5396
2020-11-30,98897168a67257d219f6e60017fb35c182dd295a,Hispanic/Latino,2544.08,766.14,265.23,61521,18102,6033
2020-11-30,98897168a67257d219f6e60017fb35c182dd295a,White,1712.17,369.79,126.99,50388,13108,5009
2020-11-29,4572c832b56a4ab6aed8a84b0ca12b0a59566893,Asian/Pacific-Islander,1074.38,300.14,109.83,14413,4169,1469
2020-11-29,4572c832b56a4ab6aed8a84b0ca12b0a59566893,Black/African-American,2124.94,758.45,247.81,42474,16168,5392
2020-11-29,4572c832b56a4ab6aed8a84b0ca12b0a59566893,Hispanic/Latino,2521.21,764.6,264.97,60966,18066,6027
2020-11-29,4572c832b56a4ab6aed8a84b0ca12b0a59566893,White,1692.77,368.56,126.99,49870,13066,5009
2020-11-28,379c54bd8626ac6de60ee34c0b75513db0d84a0e,Asian/Pacific-Islander,1060.71,299.18,109.83,14231,4156,1469
2020-11-28,379c54bd8626ac6de60ee34c0b75513db0d84a0e,Black/African-American,2112.19,757.22,247.85,42234,16142,5393
2020-11-28,379c54bd8626ac6de60ee34c0b75513db0d84a0e,Hispanic/Latino,2489.63,762.95,264.91,60189,18026,6026
2020-11-28,379c54bd8626ac6de60ee34c0b75513db0d84a0e,White,1672.53,367.49,126.99,49323,13027,5009
2020-11-27,13c4c61fcd426eb9b285f2953ce2e262c192f49f,Asian/Pacific-Islander,1054.88,297.67,109.6,14156,4135,1466
2020-11-27,13c4c61fcd426eb9b285f2953ce2e262c192f49f,Black/African-American,2105.56,755.77,247.78,42110,16113,5392
2020-11-27,13c4c61fcd426eb9b285f2953ce2e262c192f49f,Hispanic/Latino,2484.16,761.18,264.97,60057,17986,6027
2020-11-27,13c4c61fcd426eb9b285f2953ce2e262c192f49f,White,1663.2,365.57,126.89,49058,12961,5005
2020-11-26,2497bdf1ab836a75e0fc432b37791628209098c7,Asian/Pacific-Islander,1046.33,297.48,109.64,14049,4132,1466
2020-11-26,2497bdf1ab836a75e0fc432b37791628209098c7,Black/African-American,2095.91,755.12,247.68,41930,16100,5390
2020-11-26,2497bdf1ab836a75e0fc432b37791628209098c7,Hispanic/Latino,2464.24,759.74,264.98,59575,17950,6027
2020-11-26,2497bdf1ab836a75e0fc432b37791628209098c7,White,1648.81,364.8,126.78,48666,12937,5001
2020-11-25,c9c974e6a1fe24de4355cb0662c0c46f688f8f71,Asian/Pacific-Islander,1038.18,297.28,109.55,13945,4129,1465
2020-11-25,c9c974e6a1fe24de4355cb0662c0c46f688f8f71,Black/African-American,2087.63,754.4,247.54,41776,16087,5387
2020-11-25,c9c974e6a1fe24de4355cb0662c0c46f688f8f71,Hispanic/Latino,2445.56,758.55,265.02,59121,17922,6028
2020-11-25,c9c974e6a1fe24de4355cb0662c0c46f688f8f71,White,1633.23,363.67,126.68,48236,12898,4996
2020-11-24,f51925b0f9d10110daee621ccf38fa3ee949cbd3,Asian/Pacific-Islander,1031.73,296.6,109.38,13864,4121,1463
2020-11-24,f51925b0f9d10110daee621ccf38fa3ee949cbd3,Black/African-American,2079.04,753.33,247.38,41618,16065,5384
2020-11-24,f51925b0f9d10110daee621ccf38fa3ee949cbd3,Hispanic/Latino,2431.65,757.35,264.89,58783,17892,6025
2020-11-24,f51925b0f9d10110daee621ccf38fa3ee949cbd3,White,1620.64,363.07,126.61,47902,12876,4993
2020-11-23,b9f76179d845efc938154901a42e29f7f5a9cf7c,Asian/Pacific-Islander,1023.49,295.24,109.17,13756,4102,1460
2020-11-23,b9f76179d845efc938154901a42e29f7f5a9cf7c,Black/African-American,2071.9,752.13,247.59,41483,16039,5389
2020-11-23,b9f76179d845efc938154901a42e29f7f5a9cf7c,Hispanic/Latino,2416.47,756.07,264.74,58412,17862,6022
2020-11-23,b9f76179d845efc938154901a42e29f7f5a9cf7c,White,1608.65,361.61,126.61,47582,12827,4993
2020-11-22,a0294db54c03f475f8d5d9f28994d28c6e21ddd0,Asian/Pacific-Islander,1003.9,293.74,109.14,13507,4082,1460
2020-11-22,a0294db54c03f475f8d5d9f28994d28c6e21ddd0,Black/African-American,2054.55,750.12,247.53,41160,15997,5388
2020-11-22,a0294db54c03f475f8d5d9f28994d28c6e21ddd0,Hispanic/Latino,2379.07,753.89,264.66,57499,17811,6020
2020-11-22,a0294db54c03f475f8d5d9f28994d28c6e21ddd0,White,1581.21,359.26,126.48,46841,12753,4988
2020-11-21,328c93227ea6da6fc1b8c49accb8326bde02fcac,Asian/Pacific-Islander,1003.17,293.31,109.05,13499,4077,1459
2020-11-21,328c93227ea6da6fc1b8c49accb8326bde02fcac,Black/African-American,2053.4,749.48,247.43,41138,15983,5386
2020-11-21,328c93227ea6da6fc1b8c49accb8326bde02fcac,Hispanic/Latino,2378.11,753.31,264.58,57475,17796,6018
2020-11-21,328c93227ea6da6fc1b8c49accb8326bde02fcac,White,1579.37,358.81,126.44,46792,12739,4986
2020-11-20,dc7489fa7e34ea6f3eb1961cc6b7fda85a20803a,Asian/Pacific-Islander,996.22,292.72,109.05,13407,4070,1459
2020-11-20,dc7489fa7e34ea6f3eb1961cc6b7fda85a20803a,Black/African-American,2045.48,748.6,247.46,40985,15965,5386
2020-11-20,dc7489fa7e34ea6f3eb1961cc6b7fda85a20803a,Hispanic/Latino,2364.69,752.32,264.4,57148,17773,6014
2020-11-20,dc7489fa7e34ea6f3eb1961cc6b7fda85a20803a,White,1569.25,358.23,126.26,46532,12720,4979
2020-11-19,4459cf48a411e57a499900d9a67dd177e38dc622,Asian/Pacific-Islander,987.61,292.04,108.97,13298,4061,1458
2020-11-19,4459cf48a411e57a499900d9a67dd177e38dc622,Black/African-American,2038.43,747.53,247.31,40847,15944,5383
2020-11-19,4459cf48a411e57a499900d9a67dd177e38dc622,Hispanic/Latino,2345.96,750.77,264.09,56691,17734,6007
2020-11-19,4459cf48a411e57a499900d9a67dd177e38dc622,White,1558.59,357.69,126.07,46247,12701,4972
2020-11-18,9d4dc17a508b271804ca7ecea2aaca2f77b2493a,Asian/Pacific-Islander,980.44,290.6,108.76,13208,4042,1455
2020-11-18,9d4dc17a508b271804ca7ecea2aaca2f77b2493a,Black/African-American,2031.38,745.98,246.95,40714,15913,5376
2020-11-18,9d4dc17a508b271804ca7ecea2aaca2f77b2493a,Hispanic/Latino,2332.88,748.8,264.06,56375,17687,6006
2020-11-18,9d4dc17a508b271804ca7ecea2aaca2f77b2493a,White,1548.98,356.43,125.95,45991,12662,4967
2020-11-17,4b503214d87c8e261d67ed9adfed725b9650c4ea,Asian/Pacific-Islander,972.7,290.58,108.55,13108,4041,1452
2020-11-17,4b503214d87c8e261d67ed9adfed725b9650c4ea,Black/African-American,2024.42,745.74,246.93,40581,15907,5375
2020-11-17,4b503214d87c8e261d67ed9adfed725b9650c4ea,Hispanic/Latino,2318.16,747.74,263.95,56017,17663,6003
2020-11-17,4b503214d87c8e261d67ed9adfed725b9650c4ea,White,1538.02,356.25,125.77,45695,12656,4959
2020-11-16,46baead9afb0ea58fbf5a6f9d7435096a557c514,Asian/Pacific-Islander,965.89,289.86,108.55,13018,4031,1452
2020-11-16,46baead9afb0ea58fbf5a6f9d7435096a557c514,Black/African-American,2018.36,745.02,246.88,40467,15892,5374
2020-11-16,46baead9afb0ea58fbf5a6f9d7435096a557c514,Hispanic/Latino,2309.04,746.91,263.94,55795,17644,6003
2020-11-16,46baead9afb0ea58fbf5a6f9d7435096a557c514,White,1528.92,355.52,125.65,45449,12631,4955
2020-11-15,59c8b22dc9e5f1decda251cca8b70e8492ec218c,Asian/Pacific-Islander,957.34,289.17,108.52,12908,4022,1452
2020-11-15,59c8b22dc9e5f1decda251cca8b70e8492ec218c,Black/African-American,2010.98,744.44,246.72,40329,15879,5371
2020-11-15,59c8b22dc9e5f1decda251cca8b70e8492ec218c,Hispanic/Latino,2296.0,746.17,263.98,55478,17627,6004
2020-11-15,59c8b22dc9e5f1decda251cca8b70e8492ec218c,White,1516.19,354.98,125.63,45113,12608,4954
2020-11-14,5871e80ba96a51c784224cac2ee3199b613ce722,Asian/Pacific-Islander,951.54,288.77,108.52,12827,4016,1452
2020-11-14,5871e80ba96a51c784224cac2ee3199b613ce722,Black/African-American,2003.85,743.9,246.49,40198,15868,5366
2020-11-14,5871e80ba96a51c784224cac2ee3199b613ce722,Hispanic/Latino,2283.27,745.63,263.83,55169,17614,6001
2020-11-14,5871e80ba96a51c784224cac2ee3199b613ce722,White,1505.13,354.43,125.55,44810,12591,4951
2020-11-13,3592d537fdf4d69968821501ff96250a60413939,Asian/Pacific-Islander,943.57,288.02,108.31,12730,4005,1449
2020-11-13,3592d537fdf4d69968821501ff96250a60413939,Black/African-American,1996.04,743.01,246.44,40049,15851,5365
2020-11-13,3592d537fdf4d69968821501ff96250a60413939,Hispanic/Latino,2269.67,743.95,263.68,54840,17574,5998
2020-11-13,3592d537fdf4d69968821501ff96250a60413939,White,1496.94,353.62,125.5,44596,12567,4949
2020-11-12,207843ea98bcbf3b576e3ca35b146112e384aeb5,Asian/Pacific-Islander,920.97,286.77,108.22,12444,3988,1448
2020-11-12,207843ea98bcbf3b576e3ca35b146112e384aeb5,Black/African-American,1978.27,741.8,246.4,39717,15826,5364
2020-11-12,207843ea98bcbf3b576e3ca35b146112e384aeb5,Hispanic/Latino,2228.51,741.16,263.56,53833,17506,5995
2020-11-12,207843ea98bcbf3b576e3ca35b146112e384aeb5,White,1462.48,352.36,125.45,43691,12518,4947
2020-11-11,540d4f54e1da28200ac5528dce7011f21182261b,Asian/Pacific-Islander,919.97,286.63,108.22,12431,3986,1448
2020-11-11,540d4f54e1da28200ac5528dce7011f21182261b,Black/African-American,1977.53,741.63,246.41,39702,15822,5364
2020-11-11,540d4f54e1da28200ac5528dce7011f21182261b,Hispanic/Latino,2227.43,741.09,263.52,53806,17504,5994
2020-11-11,540d4f54e1da28200ac5528dce7011f21182261b,White,1460.71,352.28,125.43,43640,12514,4946
2020-11-10,4fbd5d7e64384c3fef1d7a51b3d328a31b2aa858,Asian/Pacific-Islander,920.61,284.42,107.93,12439,3955,1444
2020-11-10,4fbd5d7e64384c3fef1d7a51b3d328a31b2aa858,Black/African-American,1978.2,733.14,246.37,39716,15652,5363
2020-11-10,4fbd5d7e64384c3fef1d7a51b3d328a31b2aa858,Hispanic/Latino,2228.22,732.35,263.47,53825,17296,5993
2020-11-10,4fbd5d7e64384c3fef1d7a51b3d328a31b2aa858,White,1461.92,347.87,125.43,43671,12363,4945
2020-11-09,b671e0ed09b458f148110ad0d71479cf62580ea4,Asian/Pacific-Islander,919.55,286.54,107.79,12427,3984,1442
2020-11-09,b671e0ed09b458f148110ad0d71479cf62580ea4,Black/African-American,1977.08,741.24,246.46,39696,15815,5365
2020-11-09,b671e0ed09b458f148110ad0d71479cf62580ea4,Hispanic/Latino,2226.8,740.89,263.53,53787,17499,5994
2020-11-09,b671e0ed09b458f148110ad0d71479cf62580ea4,White,1460.42,351.81,125.31,43632,12498,4942
2020-11-09,700a357f272b309fd8841b5e7dc4f4a53bb116ff,Asian/Pacific-Islander,918.44,286.54,107.79,12413,3984,1442
2020-11-09,700a357f272b309fd8841b5e7dc4f4a53bb116ff,Black/African-American,1975.51,741.11,246.46,39667,15812,5365
2020-11-09,700a357f272b309fd8841b5e7dc4f4a53bb116ff,Hispanic/Latino,2225.31,740.72,263.53,53751,17495,5994
2020-11-09,700a357f272b309fd8841b5e7dc4f4a53bb116ff,White,1458.22,351.79,125.31,43566,12497,4942
2020-11-08,5fa26a89ff253abad5478085bfa69afe480ba206,Asian/Pacific-Islander,922.14,293.56,111.99,12365,3981,1441
2020-11-08,5fa26a89ff253abad5478085bfa69afe480ba206,Black/African-American,1941.9,738.67,249.62,39619,15804,5364
2020-11-08,5fa26a89ff253abad5478085bfa69afe480ba206,Hispanic/Latino,2199.41,743.55,268.58,53542,17478,5995
2020-11-08,5fa26a89ff253abad5478085bfa69afe480ba206,White,1426.05,349.0,125.83,43397,12480,4938
2020-11-07,040df3dc03671516975c9b3d662130bcae07b3d4,Asian/Pacific-Islander,916.27,293.1,111.86,12286,3974,1439
2020-11-07,040df3dc03671516975c9b3d662130bcae07b3d4,Black/African-American,1936.19,738.11,249.47,39512,15793,5361
2020-11-07,040df3dc03671516975c9b3d662130bcae07b3d4,Hispanic/Latino,2188.96,742.55,268.49,53285,17454,5993
2020-11-07,040df3dc03671516975c9b3d662130bcae07b3d4,White,1416.37,348.63,125.73,43141,12469,4934
2020-11-06,1674319313641471abf3cc8d8d72bd916720c656,Asian/Pacific-Islander,911.87,292.63,111.93,12228,3968,1440
2020-11-06,1674319313641471abf3cc8d8d72bd916720c656,Black/African-American,1929.6,737.46,249.59,39387,15780,5363
2020-11-06,1674319313641471abf3cc8d8d72bd916720c656,Hispanic/Latino,2178.48,741.56,268.4,53027,17431,5991
2020-11-06,1674319313641471abf3cc8d8d72bd916720c656,White,1407.89,348.3,125.74,42907,12456,4934
2020-11-05,4c42e8e547e3067cc50d2456eaaaaf2bc30b851c,Asian/Pacific-Islander,906.07,292.0,111.96,12152,3958,1440
2020-11-05,4c42e8e547e3067cc50d2456eaaaaf2bc30b851c,Black/African-American,1922.37,736.98,249.65,39248,15768,5364
2020-11-05,4c42e8e547e3067cc50d2456eaaaaf2bc30b851c,Hispanic/Latino,2165.76,740.41,268.19,52712,17404,5987
2020-11-05,4c42e8e547e3067cc50d2456eaaaaf2bc30b851c,White,1396.94,347.47,125.68,42608,12426,4931
2020-11-04,bb150d5ed4b9e00ddca371ea12e198c6c03f8b18,Asian/Pacific-Islander,905.3,291.92,111.9,12141,3957,1439
2020-11-04,bb150d5ed4b9e00ddca371ea12e198c6c03f8b18,Black/African-American,1921.88,736.54,249.65,39239,15759,5364
2020-11-04,bb150d5ed4b9e00ddca371ea12e198c6c03f8b18,Hispanic/Latino,2164.82,740.24,268.1,52689,17400,5985
2020-11-04,bb150d5ed4b9e00ddca371ea12e198c6c03f8b18,White,1395.81,346.94,125.56,42577,12408,4927
2020-11-03,8bf92953f66af6f164a38e5495a565df5c33e52b,Asian/Pacific-Islander,902.0,291.7,111.9,12096,3954,1439
2020-11-03,8bf92953f66af6f164a38e5495a565df5c33e52b,Black/African-American,1917.44,735.85,249.42,39154,15744,5359
2020-11-03,8bf92953f66af6f164a38e5495a565df5c33e52b,Hispanic/Latino,2159.57,739.83,268.05,52559,17391,5984
2020-11-03,8bf92953f66af6f164a38e5495a565df5c33e52b,White,1390.47,346.69,125.46,42425,12400,4923
2020-11-02,e6e787c50b3740f3027aa73f61f50862c6e256b4,Asian/Pacific-Islander,895.93,291.14,111.8,12020,3947,1438
2020-11-02,e6e787c50b3740f3027aa73f61f50862c6e256b4,Black/African-American,1913.7,735.28,249.37,39083,15734,5358
2020-11-02,e6e787c50b3740f3027aa73f61f50862c6e256b4,Hispanic/Latino,2146.67,738.56,268.0,52241,17360,5983
2020-11-02,e6e787c50b3740f3027aa73f61f50862c6e256b4,White,1383.88,346.57,125.42,42256,12396,4920
2020-11-01,9cffb4349df55897ea759605763ba370e348a2bd,Asian/Pacific-Islander,895.1,291.0,111.8,12009,3945,1438
2020-11-01,9cffb4349df55897ea759605763ba370e348a2bd,Black/African-American,1911.1,734.82,249.37,39032,15724,5358
2020-11-01,9cffb4349df55897ea759605763ba370e348a2bd,Hispanic/Latino,2144.87,737.94,267.91,52197,17345,5981
2020-11-01,9cffb4349df55897ea759605763ba370e348a2bd,White,1380.33,345.78,125.32,42161,12370,4916
2020-10-31,260d473f65340c97bcb090a53a7ab26b2b4f8109,Asian/Pacific-Islander,892.71,290.94,111.8,11979,3944,1438
2020-10-31,260d473f65340c97bcb090a53a7ab26b2b4f8109,Black/African-American,1907.86,734.69,249.27,38969,15722,5356
2020-10-31,260d473f65340c97bcb090a53a7ab26b2b4f8109,Hispanic/Latino,2139.03,737.79,267.84,52053,17341,5979
2020-10-31,260d473f65340c97bcb090a53a7ab26b2b4f8109,White,1375.57,345.74,125.2,42028,12367,4911
2020-10-30,7f4867ca1e415de9f6ee250cff2302638672cea3,Asian/Pacific-Islander,888.72,290.13,111.8,11928,3933,1438
2020-10-30,7f4867ca1e415de9f6ee250cff2302638672cea3,Black/African-American,1904.02,734.36,249.29,38894,15715,5356
2020-10-30,7f4867ca1e415de9f6ee250cff2302638672cea3,Hispanic/Latino,2131.53,736.91,267.74,51869,17321,5977
2020-10-30,7f4867ca1e415de9f6ee250cff2302638672cea3,White,1369.5,345.2,125.17,41858,12349,4910
2020-10-29,128daa167ef810e2a4ec12be7bee9cb97ab49ae1,Asian/Pacific-Islander,884.81,289.56,111.8,11876,3926,1438
2020-10-29,128daa167ef810e2a4ec12be7bee9cb97ab49ae1,Black/African-American,1900.5,733.64,249.13,38829,15699,5353
2020-10-29,128daa167ef810e2a4ec12be7bee9cb97ab49ae1,Hispanic/Latino,2123.22,735.6,267.74,51664,17290,5977
2020-10-29,128daa167ef810e2a4ec12be7bee9cb97ab49ae1,White,1364.33,344.08,125.21,41715,12309,4911
2020-10-28,256d8119624491ec865973945c3628b771ccedec,Asian/Pacific-Islander,882.85,289.28,111.75,11848,3922,1437
2020-10-28,256d8119624491ec865973945c3628b771ccedec,Black/African-American,1897.19,733.17,248.99,38765,15690,5350
2020-10-28,256d8119624491ec865973945c3628b771ccedec,Hispanic/Latino,2116.71,735.08,267.55,51505,17278,5973
2020-10-28,256d8119624491ec865973945c3628b771ccedec,White,1359.98,343.64,125.21,41596,12293,4911
2020-10-27,715d0f33663cb2c94b099f76dac7d23b6f3edb31,Asian/Pacific-Islander,879.22,288.96,111.57,11801,3917,1435
2020-10-27,715d0f33663cb2c94b099f76dac7d23b6f3edb31,Black/African-American,1894.26,732.5,248.94,38710,15677,5349
2020-10-27,715d0f33663cb2c94b099f76dac7d23b6f3edb31,Hispanic/Latino,2110.17,734.57,267.51,51343,17266,5972
2020-10-27,715d0f33663cb2c94b099f76dac7d23b6f3edb31,White,1353.83,342.53,125.18,41423,12257,4910
2020-10-26,28f0281a3aded96b8f20b7a04666f07824fc751f,Asian/Pacific-Islander,875.88,288.66,111.57,11758,3913,1435
2020-10-26,28f0281a3aded96b8f20b7a04666f07824fc751f,Black/African-American,1891.73,732.34,248.91,38662,15674,5348
2020-10-26,28f0281a3aded96b8f20b7a04666f07824fc751f,Hispanic/Latino,2104.63,734.18,267.42,51204,17256,5970
2020-10-26,28f0281a3aded96b8f20b7a04666f07824fc751f,White,1350.8,342.19,125.16,41335,12247,4909
2020-10-25,c307db50ac76fe8741eac9d5e3cd9a50fb3fc769,Asian/Pacific-Islander,871.5,288.45,111.57,11703,3910,1435
2020-10-25,c307db50ac76fe8741eac9d5e3cd9a50fb3fc769,Black/African-American,1888.42,731.71,248.9,38599,15660,5348
2020-10-25,c307db50ac76fe8741eac9d5e3cd9a50fb3fc769,Hispanic/Latino,2099.56,733.82,267.45,51078,17247,5971
2020-10-25,c307db50ac76fe8741eac9d5e3cd9a50fb3fc769,White,1346.73,342.01,125.13,41229,12241,4908
2020-10-24,c0d25ca1d7b10ecdec0d06e68fed0594fbc56ffd,Asian/Pacific-Islander,868.07,288.98,112.48,11657,3917,1447
2020-10-24,c0d25ca1d7b10ecdec0d06e68fed0594fbc56ffd,Black/African-American,1886.26,732.98,250.16,38559,15687,5375
2020-10-24,c0d25ca1d7b10ecdec0d06e68fed0594fbc56ffd,Hispanic/Latino,2092.35,732.57,267.31,50898,17217,5968
2020-10-24,c0d25ca1d7b10ecdec0d06e68fed0594fbc56ffd,White,1339.88,341.99,125.27,41046,12237,4913
2020-10-23,ce09ccd13b8ed2f4d48720bacf91be69faec0650,Asian/Pacific-Islander,863.82,287.7,112.48,11603,3899,1447
2020-10-23,ce09ccd13b8ed2f4d48720bacf91be69faec0650,Black/African-American,1884.21,732.57,250.16,38522,15679,5375
2020-10-23,ce09ccd13b8ed2f4d48720bacf91be69faec0650,Hispanic/Latino,2087.61,732.1,267.22,50782,17205,5966
2020-10-23,ce09ccd13b8ed2f4d48720bacf91be69faec0650,White,1335.68,341.31,125.25,40924,12213,4912
2020-10-22,42779da0df67f57afe1fce693968dbd69ab07599,Asian/Pacific-Islander,860.02,287.14,112.48,11554,3891,1447
2020-10-22,42779da0df67f57afe1fce693968dbd69ab07599,Black/African-American,1882.48,732.04,249.95,38490,15667,5371
2020-10-22,42779da0df67f57afe1fce693968dbd69ab07599,Hispanic/Latino,2083.78,731.72,267.26,50686,17195,5967
2020-10-22,42779da0df67f57afe1fce693968dbd69ab07599,White,1331.82,340.88,125.14,40818,12197,4908
2020-10-21,85af947d26dfe87426f9affb4a214a6b17ec8179,Asian/Pacific-Islander,854.26,286.77,112.48,11480,3886,1447
2020-10-21,85af947d26dfe87426f9affb4a214a6b17ec8179,Black/African-American,1877.18,731.66,249.91,38387,15660,5370
2020-10-21,85af947d26dfe87426f9affb4a214a6b17ec8179,Hispanic/Latino,2076.92,731.13,267.21,50518,17181,5966
2020-10-21,85af947d26dfe87426f9affb4a214a6b17ec8179,White,1323.54,339.98,125.07,40594,12169,4905
2020-10-20,d9e1abb1fd060be6da7c15a9da8fbc48d6996115,Asian/Pacific-Islander,850.31,286.61,112.48,11428,3884,1447
2020-10-20,d9e1abb1fd060be6da7c15a9da8fbc48d6996115,Black/African-American,1871.48,731.43,249.86,38275,15655,5369
2020-10-20,d9e1abb1fd060be6da7c15a9da8fbc48d6996115,Hispanic/Latino,2064.94,729.95,267.24,50222,17152,5967
2020-10-20,d9e1abb1fd060be6da7c15a9da8fbc48d6996115,White,1316.33,339.82,125.05,40381,12160,4904
2020-10-19,31539b5ed620dcc89221a9e04d1c6e750e97190e,Asian/Pacific-Islander,848.11,286.58,112.48,11399,3883,1447
2020-10-19,31539b5ed620dcc89221a9e04d1c6e750e97190e,Black/African-American,1870.05,731.0,249.86,38248,15646,5369
2020-10-19,31539b5ed620dcc89221a9e04d1c6e750e97190e,Hispanic/Latino,2063.08,729.52,267.24,50176,17141,5967
2020-10-19,31539b5ed620dcc89221a9e04d1c6e750e97190e,White,1314.08,339.35,125.02,40317,12143,4903
2020-10-18,3d0dbcbb2182b4e58947dc21c02d9d14227df351,Asian/Pacific-Islander,844.19,285.89,112.48,11349,3874,1447
2020-10-18,3d0dbcbb2182b4e58947dc21c02d9d14227df351,Black/African-American,1866.36,729.92,249.7,38177,15625,5366
2020-10-18,3d0dbcbb2182b4e58947dc21c02d9d14227df351,Hispanic/Latino,2057.77,728.8,267.11,50045,17124,5964
2020-10-18,3d0dbcbb2182b4e58947dc21c02d9d14227df351,White,1309.26,338.22,124.95,40182,12104,4900
2020-10-17,fc1dd3f016af243445aecc59b36ac7f52f7b9077,Asian/Pacific-Islander,840.59,285.39,112.48,11303,3867,1447
2020-10-17,fc1dd3f016af243445aecc59b36ac7f52f7b9077,Black/African-American,1863.07,729.4,249.56,38114,15615,5363
2020-10-17,fc1dd3f016af243445aecc59b36ac7f52f7b9077,Hispanic/Latino,2053.38,728.59,267.11,49937,17119,5964
2020-10-17,fc1dd3f016af243445aecc59b36ac7f52f7b9077,White,1304.68,338.01,124.82,40056,12098,4895
2020-10-16,952ff161e01c941c13e075b6fe716078f8bb0326,Asian/Pacific-Islander,836.42,284.65,112.48,11251,3858,1447
2020-10-16,952ff161e01c941c13e075b6fe716078f8bb0326,Black/African-American,1860.61,728.83,249.5,38066,15604,5362
2020-10-16,952ff161e01c941c13e075b6fe716078f8bb0326,Hispanic/Latino,2048.56,727.95,266.98,49819,17104,5961
2020-10-16,952ff161e01c941c13e075b6fe716078f8bb0326,White,1298.53,337.71,124.82,39883,12086,4895
2020-10-15,15b0c0dba6d4710eae049856d00102ef26885513,Asian/Pacific-Islander,833.76,283.19,112.48,11216,3839,1447
2020-10-15,15b0c0dba6d4710eae049856d00102ef26885513,Black/African-American,1856.72,725.83,249.42,37986,15542,5360
2020-10-15,15b0c0dba6d4710eae049856d00102ef26885513,Hispanic/Latino,2042.46,725.18,266.61,49669,17038,5952
2020-10-15,15b0c0dba6d4710eae049856d00102ef26885513,White,1292.71,335.54,124.82,39713,12008,4895
2020-10-14,5c45ef10df8f0709e7c06c510293e3718afdd018,Asian/Pacific-Islander,831.27,282.04,112.48,11184,3822,1447
2020-10-14,5c45ef10df8f0709e7c06c510293e3718afdd018,Black/African-American,1854.02,724.25,249.27,37936,15511,5357
2020-10-14,5c45ef10df8f0709e7c06c510293e3718afdd018,Hispanic/Latino,2037.68,723.81,266.5,49550,17005,5950
2020-10-14,5c45ef10df8f0709e7c06c510293e3718afdd018,White,1288.19,333.41,124.79,39591,11938,4894
2020-10-13,fef6e6109ad6e9d22626c79f1037cff7b9af2993,Asian/Pacific-Islander,827.13,281.9,112.48,11134,3820,1447
2020-10-13,fef6e6109ad6e9d22626c79f1037cff7b9af2993,Black/African-American,1851.65,724.15,249.18,37891,15509,5355
2020-10-13,fef6e6109ad6e9d22626c79f1037cff7b9af2993,Hispanic/Latino,2031.53,723.61,266.41,49399,17001,5948
2020-10-13,fef6e6109ad6e9d22626c79f1037cff7b9af2993,White,1284.05,333.38,124.73,39474,11937,4892
2020-10-12,97fe004bda175b5a0dc8ac6fcac6c31a3c2c8131,Asian/Pacific-Islander,826.23,281.58,112.48,11123,3816,1447
2020-10-12,97fe004bda175b5a0dc8ac6fcac6c31a3c2c8131,Black/African-American,1850.68,723.97,249.14,37872,15505,5354
2020-10-12,97fe004bda175b5a0dc8ac6fcac6c31a3c2c8131,Hispanic/Latino,2029.97,723.4,266.32,49361,16996,5946
2020-10-12,97fe004bda175b5a0dc8ac6fcac6c31a3c2c8131,White,1282.59,332.98,124.66,39431,11923,4889
2020-10-11,462d1599f97c247d9e574d1e12ba5e504672176a,Asian/Pacific-Islander,822.45,281.29,112.48,11072,3812,1447
2020-10-11,462d1599f97c247d9e574d1e12ba5e504672176a,Black/African-American,1848.09,723.6,249.05,37825,15498,5352
2020-10-11,462d1599f97c247d9e574d1e12ba5e504672176a,Hispanic/Latino,2025.53,723.05,266.32,49251,16987,5946
2020-10-11,462d1599f97c247d9e574d1e12ba5e504672176a,White,1276.66,332.38,124.61,39267,11901,4887
2020-10-10,cb99a5b4dbf908e7d6d401b598360699a0b9fd05,Asian/Pacific-Islander,818.23,280.91,112.48,11018,3807,1447
2020-10-10,cb99a5b4dbf908e7d6d401b598360699a0b9fd05,Black/African-American,1845.18,723.03,249.05,37771,15486,5352
2020-10-10,cb99a5b4dbf908e7d6d401b598360699a0b9fd05,Hispanic/Latino,2018.82,722.48,266.32,49086,16973,5946
2020-10-10,cb99a5b4dbf908e7d6d401b598360699a0b9fd05,White,1270.62,331.41,124.54,39095,11869,4884
2020-10-09,e03b1d4d88c882f506181662f4f72ff955ae2f6c,Asian/Pacific-Islander,815.62,280.74,112.48,10983,3805,1447
2020-10-09,e03b1d4d88c882f506181662f4f72ff955ae2f6c,Black/African-American,1843.28,722.78,249.05,37735,15481,5352
2020-10-09,e03b1d4d88c882f506181662f4f72ff955ae2f6c,Hispanic/Latino,2016.33,722.47,266.32,49025,16973,5946
2020-10-09,e03b1d4d88c882f506181662f4f72ff955ae2f6c,White,1266.03,331.16,124.48,38969,11864,4883
2020-10-08,313706916b3e2c7566b7daab1673be4f0298e5ee,Asian/Pacific-Islander,812.52,280.58,112.46,10944,3803,1447
2020-10-08,313706916b3e2c7566b7daab1673be4f0298e5ee,Black/African-American,1840.31,722.56,248.99,37678,15477,5351
2020-10-08,313706916b3e2c7566b7daab1673be4f0298e5ee,Hispanic/Latino,2011.24,722.13,266.27,48900,16965,5945
2020-10-08,313706916b3e2c7566b7daab1673be4f0298e5ee,White,1260.64,330.81,124.46,38820,11852,4882
2020-10-07,ec50d88a376b2ab345ee9bd9b28d8a5e05dd8a95,Asian/Pacific-Islander,808.11,280.32,112.38,10892,3799,1446
2020-10-07,ec50d88a376b2ab345ee9bd9b28d8a5e05dd8a95,Black/African-American,1838.0,722.13,248.95,37633,15469,5350
2020-10-07,ec50d88a376b2ab345ee9bd9b28d8a5e05dd8a95,Hispanic/Latino,2006.19,721.57,266.18,48775,16952,5943
2020-10-07,ec50d88a376b2ab345ee9bd9b28d8a5e05dd8a95,White,1255.99,330.48,124.43,38700,11838,4881
2020-10-06,40fc9f45101c0bc5043d2fa214ae84ba1e12ecca,Asian/Pacific-Islander,807.13,280.18,112.38,10879,3797,1446
2020-10-06,40fc9f45101c0bc5043d2fa214ae84ba1e12ecca,Black/African-American,1836.37,721.79,248.9,37601,15461,5349
2020-10-06,40fc9f45101c0bc5043d2fa214ae84ba1e12ecca,Hispanic/Latino,2002.65,721.24,265.94,48688,16944,5938
2020-10-06,40fc9f45101c0bc5043d2fa214ae84ba1e12ecca,White,1250.34,330.08,124.36,38551,11826,4878
2020-10-05,c7bdbd3a623810bd355fef8881df39a6f84449a9,Asian/Pacific-Islander,802.5,281.67,112.48,10818,3819,1447
2020-10-05,c7bdbd3a623810bd355fef8881df39a6f84449a9,Black/African-American,1833.47,742.07,248.78,37547,15891,5347
2020-10-05,c7bdbd3a623810bd355fef8881df39a6f84449a9,Hispanic/Latino,1995.87,734.83,265.91,48522,17269,5938
2020-10-05,c7bdbd3a623810bd355fef8881df39a6f84449a9,White,1247.14,342.46,124.28,38460,12243,4875
2020-10-04,341ad71b60557d146749b6354824b16289d11d6d,Asian/Pacific-Islander,799.9,281.29,112.48,10783,3814,1447
2020-10-04,341ad71b60557d146749b6354824b16289d11d6d,Black/African-American,1831.1,741.75,248.72,37505,15884,5346
2020-10-04,341ad71b60557d146749b6354824b16289d11d6d,Hispanic/Latino,1991.59,734.43,265.86,48416,17261,5937
2020-10-04,341ad71b60557d146749b6354824b16289d11d6d,White,1242.42,342.1,124.3,38339,12232,4875
2020-10-03,1f17e81a3bf0cbb211c7fe298ceaa653919cb6a2,Asian/Pacific-Islander,795.45,279.88,112.37,10726,3797,1445
2020-10-03,1f17e81a3bf0cbb211c7fe298ceaa653919cb6a2,Black/African-American,1827.44,740.61,248.59,37430,15858,5343
2020-10-03,1f17e81a3bf0cbb211c7fe298ceaa653919cb6a2,Hispanic/Latino,1984.91,732.69,265.7,48252,17219,5934
2020-10-03,1f17e81a3bf0cbb211c7fe298ceaa653919cb6a2,White,1234.31,341.37,124.33,38117,12204,4876
2020-10-02,63fda4e22b578916ad272d1b0e29dfe9e0cdb83f,Asian/Pacific-Islander,791.44,278.7,112.42,10673,3780,1446
2020-10-02,63fda4e22b578916ad272d1b0e29dfe9e0cdb83f,Black/African-American,1825.41,739.13,248.69,37393,15829,5345
2020-10-02,63fda4e22b578916ad272d1b0e29dfe9e0cdb83f,Hispanic/Latino,1981.47,730.26,265.69,48167,17158,5934
2020-10-02,63fda4e22b578916ad272d1b0e29dfe9e0cdb83f,White,1226.36,339.73,124.29,37912,12155,4875
2020-10-01,697dcb6c9bd3531b3838a733bfb26aeb97538224,Asian/Pacific-Islander,789.29,277.5,112.16,10645,3765,1443
2020-10-01,697dcb6c9bd3531b3838a733bfb26aeb97538224,Black/African-American,1822.68,737.21,248.64,37343,15791,5344
2020-10-01,697dcb6c9bd3531b3838a733bfb26aeb97538224,Hispanic/Latino,1976.81,727.4,265.36,48055,17090,5926
2020-10-01,697dcb6c9bd3531b3838a733bfb26aeb97538224,White,1219.26,338.11,124.32,37715,12100,4877
2020-09-30,8cf8f106c71f9be9bb457fac71ff573939daded4,Asian/Pacific-Islander,785.27,275.57,112.31,10592,3738,1445
2020-09-30,8cf8f106c71f9be9bb457fac71ff573939daded4,Black/African-American,1819.13,733.07,248.7,37274,15709,5345
2020-09-30,8cf8f106c71f9be9bb457fac71ff573939daded4,Hispanic/Latino,1965.44,718.28,265.03,47780,16870,5919
2020-09-30,8cf8f106c71f9be9bb457fac71ff573939daded4,White,1212.39,334.43,124.33,37526,11982,4877
2020-09-29,0ab879c930b56d75dfccbb3ad72115dc28cc384e,Asian/Pacific-Islander,783.19,274.48,112.23,10566,3724,1444
2020-09-29,0ab879c930b56d75dfccbb3ad72115dc28cc384e,Black/African-American,1817.85,731.57,248.64,37250,15679,5344
2020-09-29,0ab879c930b56d75dfccbb3ad72115dc28cc384e,Hispanic/Latino,1961.19,716.21,265.16,47676,16820,5922
2020-09-29,0ab879c930b56d75dfccbb3ad72115dc28cc384e,White,1209.27,332.21,124.3,37439,11912,4876
2020-09-28,c4b0c754cb3565c1505da831c5590bfaf8173a41,Asian/Pacific-Islander,781.33,273.37,112.28,10542,3709,1445
2020-09-28,c4b0c754cb3565c1505da831c5590bfaf8173a41,Black/African-American,1816.35,730.62,248.56,37220,15659,5343
2020-09-28,c4b0c754cb3565c1505da831c5590bfaf8173a41,Hispanic/Latino,1956.77,713.22,264.86,47568,16748,5915
2020-09-28,c4b0c754cb3565c1505da831c5590bfaf8173a41,White,1202.98,331.3,124.3,37281,11881,4875
2020-09-27,032c0d2f500e4b1bbe2280eb8f152461bec9a267,Asian/Pacific-Islander,780.4,272.67,112.28,10530,3699,1445
2020-09-27,032c0d2f500e4b1bbe2280eb8f152461bec9a267,Black/African-American,1816.23,728.95,248.65,37218,15627,5345
2020-09-27,032c0d2f500e4b1bbe2280eb8f152461bec9a267,Hispanic/Latino,1955.03,711.51,264.88,47525,16706,5915
2020-09-27,032c0d2f500e4b1bbe2280eb8f152461bec9a267,White,1202.09,329.72,124.23,37261,11831,4873
2020-09-26,a0c44938240bf25ef7baca8f817025768ac17ce9,Asian/Pacific-Islander,777.38,271.78,112.31,10491,3687,1445
2020-09-26,a0c44938240bf25ef7baca8f817025768ac17ce9,Black/African-American,1814.37,727.92,248.52,37181,15605,5342
2020-09-26,a0c44938240bf25ef7baca8f817025768ac17ce9,Hispanic/Latino,1952.04,710.14,264.83,47452,16673,5913
2020-09-26,a0c44938240bf25ef7baca8f817025768ac17ce9,White,1196.64,328.13,124.11,37110,11778,4869
2020-09-25,5a6066855b785c2537606574022f5bff1611af98,Asian/Pacific-Islander,775.72,270.8,112.17,10470,3673,1443
2020-09-25,5a6066855b785c2537606574022f5bff1611af98,Black/African-American,1812.2,725.91,248.59,37135,15560,5343
2020-09-25,5a6066855b785c2537606574022f5bff1611af98,Hispanic/Latino,1949.07,709.06,264.76,47379,16647,5912
2020-09-25,5a6066855b785c2537606574022f5bff1611af98,White,1192.41,327.31,124.18,36992,11747,4871
2020-09-24,7ce1b84610232be9c3f780484865a51f73b8c469,Asian/Pacific-Islander,773.68,271.15,112.24,10442,3677,1444
2020-09-24,7ce1b84610232be9c3f780484865a51f73b8c469,Black/African-American,1809.05,723.63,248.58,37070,15510,5343
2020-09-24,7ce1b84610232be9c3f780484865a51f73b8c469,Hispanic/Latino,1944.47,706.44,264.32,47266,16584,5902
2020-09-24,7ce1b84610232be9c3f780484865a51f73b8c469,White,1187.49,326.57,124.29,36856,11720,4874
2020-09-23,1d5d6a1a95a78a863630c748e2aff251eed2ca95,Asian/Pacific-Islander,772.24,271.08,112.22,10423,3676,1444
2020-09-23,1d5d6a1a95a78a863630c748e2aff251eed2ca95,Black/African-American,1807.82,722.71,248.56,37047,15491,5343
2020-09-23,1d5d6a1a95a78a863630c748e2aff251eed2ca95,Hispanic/Latino,1942.16,706.01,264.36,47208,16573,5903
2020-09-23,1d5d6a1a95a78a863630c748e2aff251eed2ca95,White,1182.93,326.1,124.24,36737,11705,4872
2020-09-22,2e545fc49fe04a7f33201d38723f9e9f782fae7c,Asian/Pacific-Islander,770.6,270.67,112.15,10401,3670,1443
2020-09-22,2e545fc49fe04a7f33201d38723f9e9f782fae7c,Black/African-American,1806.35,722.26,248.56,37018,15481,5343
2020-09-22,2e545fc49fe04a7f33201d38723f9e9f782fae7c,Hispanic/Latino,1939.22,705.06,264.3,47136,16551,5902
2020-09-22,2e545fc49fe04a7f33201d38723f9e9f782fae7c,White,1179.18,325.37,124.29,36645,11681,4874
2020-09-21,161d7da66af7c4474db757f572758ef4d6aba21b,Asian/Pacific-Islander,766.86,270.15,112.15,10352,3663,1443
2020-09-21,161d7da66af7c4474db757f572758ef4d6aba21b,Black/African-American,1804.66,721.38,248.49,36985,15464,5342
2020-09-21,161d7da66af7c4474db757f572758ef4d6aba21b,Hispanic/Latino,1933.23,704.0,264.34,46988,16526,5903
2020-09-21,161d7da66af7c4474db757f572758ef4d6aba21b,White,1174.46,324.63,124.29,36513,11656,4874
2020-09-20,6bb2ffe73557b2a9fad7e45923e2f0460a427ca6,Asian/Pacific-Islander,766.21,270.14,112.2,10343,3663,1444
2020-09-20,6bb2ffe73557b2a9fad7e45923e2f0460a427ca6,Black/African-American,1803.85,721.44,248.55,36970,15465,5343
2020-09-20,6bb2ffe73557b2a9fad7e45923e2f0460a427ca6,Hispanic/Latino,1931.94,703.8,264.3,46957,16521,5902
2020-09-20,6bb2ffe73557b2a9fad7e45923e2f0460a427ca6,White,1172.93,324.66,124.24,36471,11656,4872
2020-09-19,3e716fa6b44c43efe4652e26a5e7c123b3ed98a3,Asian/Pacific-Islander,765.46,270.14,112.2,10333,3663,1444
2020-09-19,3e716fa6b44c43efe4652e26a5e7c123b3ed98a3,Black/African-American,1803.03,721.33,248.55,36954,15463,5343
2020-09-19,3e716fa6b44c43efe4652e26a5e7c123b3ed98a3,Hispanic/Latino,1930.57,703.5,264.13,46922,16514,5898
2020-09-19,3e716fa6b44c43efe4652e26a5e7c123b3ed98a3,White,1170.04,324.58,124.26,36400,11655,4873
2020-09-18,87ee05a6bb687a2731ef3d7ee8905003f27e5e9b,Asian/Pacific-Islander,762.75,269.93,112.09,10298,3660,1442
2020-09-18,87ee05a6bb687a2731ef3d7ee8905003f27e5e9b,Black/African-American,1800.78,721.25,248.55,36913,15461,5343
2020-09-18,87ee05a6bb687a2731ef3d7ee8905003f27e5e9b,Hispanic/Latino,1926.35,703.29,264.2,46817,16509,5900
2020-09-18,87ee05a6bb687a2731ef3d7ee8905003f27e5e9b,White,1165.5,324.46,124.29,36279,11651,4874
2020-09-17,f8b6bdc641b4bc92bebfd6333e28ec87c64e234e,Asian/Pacific-Islander,760.15,269.67,112.09,10265,3657,1442
2020-09-17,f8b6bdc641b4bc92bebfd6333e28ec87c64e234e,Black/African-American,1798.8,720.79,248.53,36875,15452,5343
2020-09-17,f8b6bdc641b4bc92bebfd6333e28ec87c64e234e,Hispanic/Latino,1923.39,703.14,264.12,46742,16505,5898
2020-09-17,f8b6bdc641b4bc92bebfd6333e28ec87c64e234e,White,1161.48,324.34,124.24,36171,11648,4872
2020-09-16,e41828f575d20cac7e64a385f9a12d78bb549970,Asian/Pacific-Islander,758.19,269.69,112.09,10239,3657,1442
2020-09-16,e41828f575d20cac7e64a385f9a12d78bb549970,Black/African-American,1797.38,720.52,248.44,36847,15446,5341
2020-09-16,e41828f575d20cac7e64a385f9a12d78bb549970,Hispanic/Latino,1919.83,702.89,264.07,46655,16500,5897
2020-09-16,e41828f575d20cac7e64a385f9a12d78bb549970,White,1158.17,324.29,124.16,36079,11646,4869
2020-09-15,310656d1b83d95f4db08a358702522179c8d09ed,Asian/Pacific-Islander,756.64,269.61,112.19,10218,3656,1443
2020-09-15,310656d1b83d95f4db08a358702522179c8d09ed,Black/African-American,1795.0,720.34,248.35,36799,15442,5339
2020-09-15,310656d1b83d95f4db08a358702522179c8d09ed,Hispanic/Latino,1915.37,702.35,263.92,46546,16488,5894
2020-09-15,310656d1b83d95f4db08a358702522179c8d09ed,White,1154.04,324.32,124.16,35967,11647,4869
2020-09-14,3410bae200490807019094e85fe69421036ea938,Asian/Pacific-Islander,748.49,268.37,111.95,10107,3637,1440
2020-09-14,3410bae200490807019094e85fe69421036ea938,Black/African-American,1787.75,720.23,248.15,36657,15441,5335
2020-09-14,3410bae200490807019094e85fe69421036ea938,Hispanic/Latino,1875.45,698.78,263.52,45558,16403,5885
2020-09-14,3410bae200490807019094e85fe69421036ea938,White,1146.52,324.36,124.09,35759,11648,4866
2020-09-12,d136fb982ecb454d83e4c2dec9b3bcef9385e392,Asian/Pacific-Islander,748.6,268.37,111.95,10109,3637,1440
2020-09-12,d136fb982ecb454d83e4c2dec9b3bcef9385e392,Black/African-American,1787.95,720.26,248.07,36661,15442,5333
2020-09-12,d136fb982ecb454d83e4c2dec9b3bcef9385e392,Hispanic/Latino,1875.62,698.83,263.57,45562,16404,5886
2020-09-12,d136fb982ecb454d83e4c2dec9b3bcef9385e392,White,1146.61,324.38,124.07,35762,11649,4865
2020-09-11,e79fff6fe7aabfd7c8acd9259b12648b026e7a41,Asian/Pacific-Islander,748.48,268.37,111.95,10108,3637,1440
2020-09-11,e79fff6fe7aabfd7c8acd9259b12648b026e7a41,Black/African-American,1787.9,720.04,248.35,36661,15438,5339
2020-09-11,e79fff6fe7aabfd7c8acd9259b12648b026e7a41,Hispanic/Latino,1875.39,698.51,263.55,45556,16396,5886
2020-09-11,e79fff6fe7aabfd7c8acd9259b12648b026e7a41,White,1146.44,324.27,124.04,35759,11645,4864
2020-09-10,0eecfe17c3f18db23e7c96224af7316925275904,Asian/Pacific-Islander,745.64,268.21,111.79,10072,3635,1438
2020-09-10,0eecfe17c3f18db23e7c96224af7316925275904,Black/African-American,1786.04,719.52,248.07,36623,15427,5333
2020-09-10,0eecfe17c3f18db23e7c96224af7316925275904,Hispanic/Latino,1870.88,697.95,263.29,45445,16382,5880
2020-09-10,0eecfe17c3f18db23e7c96224af7316925275904,White,1142.42,323.92,124.02,35646,11632,4863
2020-09-09,128d24ac2067dba0ad9450dd548be86856b1698d,Asian/Pacific-Islander,745.36,268.1,111.79,10068,3634,1438
2020-09-09,128d24ac2067dba0ad9450dd548be86856b1698d,Black/African-American,1785.19,719.32,248.12,36608,15423,5334
2020-09-09,128d24ac2067dba0ad9450dd548be86856b1698d,Hispanic/Latino,1869.02,697.6,263.29,45399,16373,5880
2020-09-09,128d24ac2067dba0ad9450dd548be86856b1698d,White,1140.1,323.84,123.99,35583,11629,4862
2020-09-08,dd51fbe3d9c7fa4add393b051dd88bf95dd6758f,Asian/Pacific-Islander,744.53,267.93,111.81,10058,3632,1438
2020-09-08,dd51fbe3d9c7fa4add393b051dd88bf95dd6758f,Black/African-American,1784.11,719.07,248.21,36588,15418,5336
2020-09-08,dd51fbe3d9c7fa4add393b051dd88bf95dd6758f,Hispanic/Latino,1867.71,697.28,263.18,45367,16366,5878
2020-09-08,dd51fbe3d9c7fa4add393b051dd88bf95dd6758f,White,1138.58,323.76,123.99,35542,11626,4862
2020-09-08,7138e6906c9ee1117e2dac06656f0e1c03190370,Asian/Pacific-Islander,740.23,267.66,111.72,10003,3628,1437
2020-09-08,7138e6906c9ee1117e2dac06656f0e1c03190370,Black/African-American,1780.14,718.57,247.96,36510,15408,5331
2020-09-08,7138e6906c9ee1117e2dac06656f0e1c03190370,Hispanic/Latino,1860.09,696.37,262.8,45180,16344,5870
2020-09-08,7138e6906c9ee1117e2dac06656f0e1c03190370,White,1132.93,323.51,123.89,35390,11617,4858
2020-09-07,eac59e5a80628a4aba90460d0cb34c89730532d2,Asian/Pacific-Islander,743.52,267.73,111.72,10044,3629,1437
2020-09-07,eac59e5a80628a4aba90460d0cb34c89730532d2,Black/African-American,1783.6,719.01,248.21,36578,15416,5336
2020-09-07,eac59e5a80628a4aba90460d0cb34c89730532d2,Hispanic/Latino,1865.54,697.04,262.94,45315,16360,5873
2020-09-07,eac59e5a80628a4aba90460d0cb34c89730532d2,White,1137.31,323.71,123.94,35504,11624,4860
2020-09-05,543178026a2531ab3ae9361364c6ae746e44cf65,Asian/Pacific-Islander,740.23,267.66,111.72,10003,3628,1437
2020-09-05,543178026a2531ab3ae9361364c6ae746e44cf65,Black/African-American,1780.14,718.57,247.96,36510,15408,5331
2020-09-05,543178026a2531ab3ae9361364c6ae746e44cf65,Hispanic/Latino,1860.09,696.37,262.8,45180,16344,5870
2020-09-05,543178026a2531ab3ae9361364c6ae746e44cf65,White,1132.93,323.51,123.89,35390,11617,4858
2020-09-04,c7802cf766ae52830403b11edf35a3a895d8d64a,Asian/Pacific-Islander,738.42,267.49,111.65,9980,3626,1436
2020-09-04,c7802cf766ae52830403b11edf35a3a895d8d64a,Black/African-American,1778.06,718.0,247.88,36470,15396,5329
2020-09-04,c7802cf766ae52830403b11edf35a3a895d8d64a,Hispanic/Latino,1857.01,696.05,262.72,45105,16336,5868
2020-09-04,c7802cf766ae52830403b11edf35a3a895d8d64a,White,1130.66,323.41,123.8,35332,11613,4855
2020-09-03,f58fbecef084a15f04c9b8ee99c498ee2d54b03b,Asian/Pacific-Islander,736.13,267.18,111.56,9951,3622,1435
2020-09-03,f58fbecef084a15f04c9b8ee99c498ee2d54b03b,Black/African-American,1775.85,718.02,247.88,36429,15396,5329
2020-09-03,f58fbecef084a15f04c9b8ee99c498ee2d54b03b,Hispanic/Latino,1851.97,695.54,262.6,44980,16324,5865
2020-09-03,f58fbecef084a15f04c9b8ee99c498ee2d54b03b,White,1127.13,323.29,123.8,35239,11608,4855
2020-09-02,c1469896916cb2c53e0e1faf3fa571d700602187,Asian/Pacific-Islander,735.7,267.18,111.46,9945,3622,1434
2020-09-02,c1469896916cb2c53e0e1faf3fa571d700602187,Black/African-American,1774.93,717.81,247.83,36412,15392,5328
2020-09-02,c1469896916cb2c53e0e1faf3fa571d700602187,Hispanic/Latino,1850.15,695.17,262.72,44935,16315,5868
2020-09-02,c1469896916cb2c53e0e1faf3fa571d700602187,White,1125.78,323.06,123.68,35203,11599,4850
2020-09-01,7953c97d1e58bbed9934ea04affb12ca74d9c0fb,Asian/Pacific-Islander,733.37,266.7,111.46,9914,3616,1434
2020-09-01,7953c97d1e58bbed9934ea04affb12ca74d9c0fb,Black/African-American,1772.5,717.69,247.83,36365,15389,5328
2020-09-01,7953c97d1e58bbed9934ea04affb12ca74d9c0fb,Hispanic/Latino,1842.89,694.35,262.64,44755,16296,5866
2020-09-01,7953c97d1e58bbed9934ea04affb12ca74d9c0fb,White,1122.24,322.81,123.68,35108,11591,4850
2020-08-31,bd0a5fe2dd4e768856b64b1d17b295793ae2488f,Asian/Pacific-Islander,733.09,266.77,111.46,9911,3617,1434
2020-08-31,bd0a5fe2dd4e768856b64b1d17b295793ae2488f,Black/African-American,1771.68,717.5,247.73,36350,15385,5326
2020-08-31,bd0a5fe2dd4e768856b64b1d17b295793ae2488f,Hispanic/Latino,1842.19,694.27,262.51,44738,16294,5863
2020-08-31,bd0a5fe2dd4e768856b64b1d17b295793ae2488f,White,1121.09,322.54,123.6,35077,11583,4848
2020-08-30,6fa5de80898446c1c651985be0f9d78073667180,Asian/Pacific-Islander,732.55,266.47,111.46,9904,3613,1434
2020-08-30,6fa5de80898446c1c651985be0f9d78073667180,Black/African-American,1770.81,717.19,247.52,36332,15378,5321
2020-08-30,6fa5de80898446c1c651985be0f9d78073667180,Hispanic/Latino,1840.93,693.93,262.28,44709,16286,5858
2020-08-30,6fa5de80898446c1c651985be0f9d78073667180,White,1120.01,322.43,123.6,35048,11579,4848
2020-08-29,35ab5bf63970829b63ee14544b46c2ed5982774f,Asian/Pacific-Islander,731.78,266.2,111.46,9893,3609,1434
2020-08-29,35ab5bf63970829b63ee14544b46c2ed5982774f,Black/African-American,1769.27,716.89,247.65,36302,15372,5324
2020-08-29,35ab5bf63970829b63ee14544b46c2ed5982774f,Hispanic/Latino,1838.07,693.46,262.33,44638,16274,5859
2020-08-29,35ab5bf63970829b63ee14544b46c2ed5982774f,White,1117.89,322.07,123.58,34989,11567,4847
2020-08-28,d85359c5a13362536708093a81e9ac72e29e39ed,Asian/Pacific-Islander,730.0,265.95,111.31,9870,3606,1432
2020-08-28,d85359c5a13362536708093a81e9ac72e29e39ed,Black/African-American,1767.06,716.6,247.63,36261,15366,5323
2020-08-28,d85359c5a13362536708093a81e9ac72e29e39ed,Hispanic/Latino,1834.86,693.08,262.35,44560,16266,5860
2020-08-28,d85359c5a13362536708093a81e9ac72e29e39ed,White,1116.52,321.94,123.51,34945,11561,4844
2020-08-27,223542604303441a1879c14421c7debb04c800d0,Asian/Pacific-Islander,728.86,265.88,111.31,9856,3605,1432
2020-08-27,223542604303441a1879c14421c7debb04c800d0,Black/African-American,1765.07,716.42,247.5,36222,15362,5320
2020-08-27,223542604303441a1879c14421c7debb04c800d0,Hispanic/Latino,1830.89,692.62,262.3,44462,16255,5859
2020-08-27,223542604303441a1879c14421c7debb04c800d0,White,1114.12,321.79,123.43,34883,11556,4841
2020-08-26,873753a66c9e385232fb6e34038fda1adb3508ce,Asian/Pacific-Islander,727.74,265.88,111.24,9840,3605,1431
2020-08-26,873753a66c9e385232fb6e34038fda1adb3508ce,Black/African-American,1763.78,716.15,247.35,36197,15357,5317
2020-08-26,873753a66c9e385232fb6e34038fda1adb3508ce,Hispanic/Latino,1828.12,692.28,262.18,44393,16247,5856
2020-08-26,873753a66c9e385232fb6e34038fda1adb3508ce,White,1113.19,321.51,123.44,34854,11547,4841
2020-08-25,13daf0b4147ba7a2c0b1064eca9851ce0292c19a,Asian/Pacific-Islander,726.05,265.65,111.24,9818,3602,1431
2020-08-25,13daf0b4147ba7a2c0b1064eca9851ce0292c19a,Black/African-American,1763.03,716.22,247.36,36182,15358,5317
2020-08-25,13daf0b4147ba7a2c0b1064eca9851ce0292c19a,Hispanic/Latino,1825.3,692.12,262.11,44325,16243,5855
2020-08-25,13daf0b4147ba7a2c0b1064eca9851ce0292c19a,White,1111.24,321.53,123.44,34799,11546,4840
2020-08-24,855b4e1f58fb9e989dcb0a5f96a5ecaa64e60151,Asian/Pacific-Islander,725.55,265.66,111.24,9813,3602,1431
2020-08-24,855b4e1f58fb9e989dcb0a5f96a5ecaa64e60151,Black/African-American,1761.67,716.04,247.31,36155,15355,5316
2020-08-24,855b4e1f58fb9e989dcb0a5f96a5ecaa64e60151,Hispanic/Latino,1821.93,691.76,262.07,44244,16235,5854
2020-08-24,855b4e1f58fb9e989dcb0a5f96a5ecaa64e60151,White,1110.56,321.5,123.44,34777,11545,4840
2020-08-23,96f12eaa412873a96bd4a3ba2721b6f543522a4b,Asian/Pacific-Islander,723.87,265.57,111.24,9791,3601,1431
2020-08-23,96f12eaa412873a96bd4a3ba2721b6f543522a4b,Black/African-American,1759.64,715.7,247.21,36117,15348,5314
2020-08-23,96f12eaa412873a96bd4a3ba2721b6f543522a4b,Hispanic/Latino,1818.65,691.22,261.93,44164,16222,5851
2020-08-23,96f12eaa412873a96bd4a3ba2721b6f543522a4b,White,1108.37,321.43,123.44,34716,11543,4840
2020-08-22,7e3f387baff20f9cd051a0795a7872f0ab769dcf,Asian/Pacific-Islander,722.2,265.24,111.16,9768,3597,1430
2020-08-22,7e3f387baff20f9cd051a0795a7872f0ab769dcf,Black/African-American,1757.79,715.11,246.99,36081,15335,5309
2020-08-22,7e3f387baff20f9cd051a0795a7872f0ab769dcf,Hispanic/Latino,1815.21,690.74,262.01,44081,16211,5853
2020-08-22,7e3f387baff20f9cd051a0795a7872f0ab769dcf,White,1105.74,320.95,123.44,34647,11529,4840
2020-08-21,ce3f3a6952914b8222b3f495ccd69a7f3b881e45,Asian/Pacific-Islander,719.94,265.09,111.16,9738,3595,1430
2020-08-21,ce3f3a6952914b8222b3f495ccd69a7f3b881e45,Black/African-American,1755.96,714.91,246.82,36046,15331,5306
2020-08-21,ce3f3a6952914b8222b3f495ccd69a7f3b881e45,Hispanic/Latino,1811.12,690.32,261.88,43980,16201,5850
2020-08-21,ce3f3a6952914b8222b3f495ccd69a7f3b881e45,White,1104.27,320.84,123.41,34604,11526,4839
2020-08-20,647a8213dc537c9fad89162aaf7efd4d77f4a80f,Asian/Pacific-Islander,717.95,265.02,111.24,9713,3594,1431
2020-08-20,647a8213dc537c9fad89162aaf7efd4d77f4a80f,Black/African-American,1753.9,714.81,246.71,36007,15329,5304
2020-08-20,647a8213dc537c9fad89162aaf7efd4d77f4a80f,Hispanic/Latino,1806.9,689.98,261.92,43874,16193,5851
2020-08-20,647a8213dc537c9fad89162aaf7efd4d77f4a80f,White,1102.87,320.83,123.36,34567,11525,4837
2020-08-19,5d654516f35cff33c071f702ba727e0ac1b626e4,Asian/Pacific-Islander,715.87,265.13,111.26,9687,3595,1431
2020-08-19,5d654516f35cff33c071f702ba727e0ac1b626e4,Black/African-American,1751.09,714.45,246.71,35955,15323,5304
2020-08-19,5d654516f35cff33c071f702ba727e0ac1b626e4,Hispanic/Latino,1801.14,689.55,261.92,43733,16183,5851
2020-08-19,5d654516f35cff33c071f702ba727e0ac1b626e4,White,1100.0,320.82,123.44,34494,11525,4840
2020-08-18,02b25780056aa1c24d29f307d76d0f188a1b9839,Asian/Pacific-Islander,711.24,265.06,111.19,9627,3594,1430
2020-08-18,02b25780056aa1c24d29f307d76d0f188a1b9839,Black/African-American,1747.97,713.76,246.66,35895,15310,5303
2020-08-18,02b25780056aa1c24d29f307d76d0f188a1b9839,Hispanic/Latino,1791.79,688.71,261.74,43500,16163,5847
2020-08-18,02b25780056aa1c24d29f307d76d0f188a1b9839,White,1096.86,320.67,123.42,34405,11520,4839
2020-08-17,0f4f0056ee6de6f2a54b0272c7638f5de46698d2,Asian/Pacific-Islander,711.09,265.01,111.1,9625,3593,1429
2020-08-17,0f4f0056ee6de6f2a54b0272c7638f5de46698d2,Black/African-American,1747.06,713.35,246.66,35878,15301,5303
2020-08-17,0f4f0056ee6de6f2a54b0272c7638f5de46698d2,Hispanic/Latino,1790.17,688.34,261.78,43460,16155,5848
2020-08-17,0f4f0056ee6de6f2a54b0272c7638f5de46698d2,White,1096.4,320.48,123.39,34391,11514,4838
2020-08-16,a5fecbe9f995723e5a0c4b816a985eaff4789340,Asian/Pacific-Islander,710.42,265.03,111.19,9617,3593,1430
2020-08-16,a5fecbe9f995723e5a0c4b816a985eaff4789340,Black/African-American,1745.97,713.26,246.55,35858,15299,5301
2020-08-16,a5fecbe9f995723e5a0c4b816a985eaff4789340,Hispanic/Latino,1788.91,687.97,261.7,43430,16147,5846
2020-08-16,a5fecbe9f995723e5a0c4b816a985eaff4789340,White,1095.75,320.48,123.39,34372,11514,4838
2020-08-15,91bd862d71e2d6df81843a5e05510629884ca4d2,Asian/Pacific-Islander,708.36,264.8,111.19,9590,3590,1430
2020-08-15,91bd862d71e2d6df81843a5e05510629884ca4d2,Black/African-American,1744.22,712.96,246.5,35825,15293,5300
2020-08-15,91bd862d71e2d6df81843a5e05510629884ca4d2,Hispanic/Latino,1782.18,687.52,261.57,43266,16136,5843
2020-08-15,91bd862d71e2d6df81843a5e05510629884ca4d2,White,1093.44,320.27,123.27,34306,11506,4833
2020-08-14,538891f0e2aeeb60b543bb930ea35b6d08f72790,Asian/Pacific-Islander,705.73,264.6,111.19,9555,3587,1430
2020-08-14,538891f0e2aeeb60b543bb930ea35b6d08f72790,Black/African-American,1740.2,712.5,246.5,35744,15283,5300
2020-08-14,538891f0e2aeeb60b543bb930ea35b6d08f72790,Hispanic/Latino,1774.74,686.84,261.53,43082,16120,5842
2020-08-14,538891f0e2aeeb60b543bb930ea35b6d08f72790,White,1090.66,320.12,123.27,34227,11501,4833
2020-08-13,5f06bd065ec344111d569b23f29f42e0701eac01,Asian/Pacific-Islander,704.5,264.43,111.19,9539,3585,1430
2020-08-13,5f06bd065ec344111d569b23f29f42e0701eac01,Black/African-American,1737.79,712.43,246.22,35696,15281,5294
2020-08-13,5f06bd065ec344111d569b23f29f42e0701eac01,Hispanic/Latino,1770.65,686.65,261.46,42981,16116,5841
2020-08-13,5f06bd065ec344111d569b23f29f42e0701eac01,White,1089.42,319.94,123.24,34189,11493,4831
2020-08-12,16224c08aeaf5a625785ac4a82137d0369db4e93,Asian/Pacific-Islander,702.82,264.29,111.1,9517,3583,1429
2020-08-12,16224c08aeaf5a625785ac4a82137d0369db4e93,Black/African-American,1736.0,711.58,246.07,35662,15264,5291
2020-08-12,16224c08aeaf5a625785ac4a82137d0369db4e93,Hispanic/Latino,1767.05,685.86,261.41,42892,16097,5840
2020-08-12,16224c08aeaf5a625785ac4a82137d0369db4e93,White,1087.75,319.55,123.19,34141,11481,4829
2020-08-11,5158a16b1c0927a55e08f9d2a6c94279d4a90003,Asian/Pacific-Islander,701.49,264.05,111.01,9501,3580,1428
2020-08-11,5158a16b1c0927a55e08f9d2a6c94279d4a90003,Black/African-American,1735.05,711.52,246.07,35643,15263,5291
2020-08-11,5158a16b1c0927a55e08f9d2a6c94279d4a90003,Hispanic/Latino,1762.85,685.36,261.27,42788,16085,5837
2020-08-11,5158a16b1c0927a55e08f9d2a6c94279d4a90003,White,1086.4,319.44,123.17,34103,11477,4828
2020-08-10,f4f433546d1c2cd2321ac5d3bb51d8689e83d419,Asian/Pacific-Islander,698.79,264.15,110.92,9465,3581,1427
2020-08-10,f4f433546d1c2cd2321ac5d3bb51d8689e83d419,Black/African-American,1732.25,710.95,245.93,35590,15252,5288
2020-08-10,f4f433546d1c2cd2321ac5d3bb51d8689e83d419,Hispanic/Latino,1756.27,684.92,261.14,42626,16075,5834
2020-08-10,f4f433546d1c2cd2321ac5d3bb51d8689e83d419,White,1083.92,319.52,123.12,34038,11479,4826
2020-08-09,66105d19d9d1612cba57d904cd90eebde9115704,Asian/Pacific-Islander,698.48,264.13,110.83,9461,3581,1426
2020-08-09,66105d19d9d1612cba57d904cd90eebde9115704,Black/African-American,1731.4,710.47,245.89,35574,15241,5287
2020-08-09,66105d19d9d1612cba57d904cd90eebde9115704,Hispanic/Latino,1753.77,684.56,261.09,42566,16067,5833
2020-08-09,66105d19d9d1612cba57d904cd90eebde9115704,White,1083.25,319.51,123.09,34018,11478,4825
2020-08-08,7c5b81b991c2b5edbf26c237286d497bf869be2c,Asian/Pacific-Islander,693.8,263.8,110.83,9402,3576,1426
2020-08-08,7c5b81b991c2b5edbf26c237286d497bf869be2c,Black/African-American,1727.85,710.25,245.84,35502,15235,5286
2020-08-08,7c5b81b991c2b5edbf26c237286d497bf869be2c,Hispanic/Latino,1744.26,683.63,260.98,42329,16043,5830
2020-08-08,7c5b81b991c2b5edbf26c237286d497bf869be2c,White,1080.53,319.43,123.06,33943,11476,4824
2020-08-07,dcdc45973712d6bc15523afaecd27d37d6da305e,Asian/Pacific-Islander,692.98,263.69,110.83,9392,3574,1426
2020-08-07,dcdc45973712d6bc15523afaecd27d37d6da305e,Black/African-American,1725.94,710.02,245.79,35465,15230,5285
2020-08-07,dcdc45973712d6bc15523afaecd27d37d6da305e,Hispanic/Latino,1739.13,682.77,260.93,42204,16022,5829
2020-08-07,dcdc45973712d6bc15523afaecd27d37d6da305e,White,1078.36,318.83,122.98,33879,11455,4822
2020-08-06,cf02bdfd9dfcf6d5e5d75b9b138b6e727335e9ad,Asian/Pacific-Islander,659.43,262.79,110.83,8947,3562,1426
2020-08-06,cf02bdfd9dfcf6d5e5d75b9b138b6e727335e9ad,Black/African-American,1687.95,709.98,245.78,34710,15228,5285
2020-08-06,cf02bdfd9dfcf6d5e5d75b9b138b6e727335e9ad,Hispanic/Latino,1657.6,678.88,260.73,40186,15930,5824
2020-08-06,cf02bdfd9dfcf6d5e5d75b9b138b6e727335e9ad,White,1056.6,319.13,122.92,33267,11464,4821
2020-08-05,b6a811edae7804c31e18e94c8602a73e2938a191,Asian/Pacific-Islander,654.39,262.66,110.75,8882,3561,1425
2020-08-05,b6a811edae7804c31e18e94c8602a73e2938a191,Black/African-American,1683.86,709.85,245.85,34631,15225,5286
2020-08-05,b6a811edae7804c31e18e94c8602a73e2938a191,Hispanic/Latino,1648.59,678.1,260.73,39966,15912,5824
2020-08-05,b6a811edae7804c31e18e94c8602a73e2938a191,White,1052.75,318.94,122.9,33161,11458,4820
2020-08-04,2f12509de24f10a5bdccc02bb79d1ad85538d8aa,Asian/Pacific-Islander,651.41,262.35,110.75,8846,3557,1425
2020-08-04,2f12509de24f10a5bdccc02bb79d1ad85538d8aa,Black/African-American,1680.52,709.41,245.66,34568,15216,5282
2020-08-04,2f12509de24f10a5bdccc02bb79d1ad85538d8aa,Hispanic/Latino,1641.85,677.03,260.63,39801,15887,5822
2020-08-04,2f12509de24f10a5bdccc02bb79d1ad85538d8aa,White,1049.43,318.92,122.85,33069,11457,4818
2020-08-03,773ffb03e3e4efd32b855f3e31cb113c9e820273,Asian/Pacific-Islander,651.4,262.34,110.75,8846,3557,1425
2020-08-03,773ffb03e3e4efd32b855f3e31cb113c9e820273,Black/African-American,1679.57,709.22,245.62,34551,15212,5281
2020-08-03,773ffb03e3e4efd32b855f3e31cb113c9e820273,Hispanic/Latino,1639.81,676.61,260.4,39751,15878,5817
2020-08-03,773ffb03e3e4efd32b855f3e31cb113c9e820273,White,1048.96,318.89,122.82,33056,11456,4817
2020-08-02,a7315f625e7ef4eb15ed326d8ef66a703fccb613,Asian/Pacific-Islander,651.19,262.34,110.75,8843,3557,1425
2020-08-02,a7315f625e7ef4eb15ed326d8ef66a703fccb613,Black/African-American,1678.88,708.92,245.47,34537,15206,5278
2020-08-02,a7315f625e7ef4eb15ed326d8ef66a703fccb613,Hispanic/Latino,1639.41,676.44,260.31,39741,15874,5815
2020-08-02,a7315f625e7ef4eb15ed326d8ef66a703fccb613,White,1048.51,318.61,122.63,33042,11446,4809
2020-08-01,6a26616a502ae5d02e261262ee155fc20041ee30,Asian/Pacific-Islander,650.27,262.21,110.67,8831,3555,1424
2020-08-01,6a26616a502ae5d02e261262ee155fc20041ee30,Black/African-American,1676.74,708.03,245.36,34495,15187,5276
2020-08-01,6a26616a502ae5d02e261262ee155fc20041ee30,Hispanic/Latino,1636.54,674.84,260.18,39674,15837,5812
2020-08-01,6a26616a502ae5d02e261262ee155fc20041ee30,White,1047.95,318.74,122.7,33025,11450,4812
2020-07-31,f10021ab793108aad8a25db7a85fa0d722ad7912,Asian/Pacific-Islander,646.2,261.45,110.58,8776,3545,1423
2020-07-31,f10021ab793108aad8a25db7a85fa0d722ad7912,Black/African-American,1671.1,706.25,245.29,34388,15148,5274
2020-07-31,f10021ab793108aad8a25db7a85fa0d722ad7912,Hispanic/Latino,1626.27,673.11,260.08,39418,15795,5810
2020-07-31,f10021ab793108aad8a25db7a85fa0d722ad7912,White,1042.77,317.16,122.65,32883,11398,4810
2020-07-30,2bed49841afdd9a9c6b584673b03a901a6ad2140,Asian/Pacific-Islander,638.5,261.0,110.3,8676,3539,1419
2020-07-30,2bed49841afdd9a9c6b584673b03a901a6ad2140,Black/African-American,1662.25,705.96,245.2,34219,15142,5272
2020-07-30,2bed49841afdd9a9c6b584673b03a901a6ad2140,Hispanic/Latino,1607.86,672.2,260.03,38961,15773,5809
2020-07-30,2bed49841afdd9a9c6b584673b03a901a6ad2140,White,1035.43,317.02,122.63,32678,11394,4809
2020-07-29,18b56f1b5a1dc01fcde42a3243e5102bf8935fae,Asian/Pacific-Islander,635.87,260.89,110.3,8640,3537,1419
2020-07-29,18b56f1b5a1dc01fcde42a3243e5102bf8935fae,Black/African-American,1660.74,705.76,244.96,34191,15137,5267
2020-07-29,18b56f1b5a1dc01fcde42a3243e5102bf8935fae,Hispanic/Latino,1603.52,671.74,259.91,38854,15762,5806
2020-07-29,18b56f1b5a1dc01fcde42a3243e5102bf8935fae,White,1033.65,316.78,122.55,32625,11385,4806
2020-07-28,6daff424410b0e9faef3f33c8c656c5732282f85,Asian/Pacific-Islander,634.55,260.71,110.3,8622,3534,1419
2020-07-28,6daff424410b0e9faef3f33c8c656c5732282f85,Black/African-American,1658.23,704.53,244.77,34141,15111,5263
2020-07-28,6daff424410b0e9faef3f33c8c656c5732282f85,Hispanic/Latino,1601.14,671.0,259.83,38795,15744,5804
2020-07-28,6daff424410b0e9faef3f33c8c656c5732282f85,White,1032.17,316.5,122.5,32584,11375,4804
2020-07-27,ec4a60ebb5eb79970161ff6ac925eaec481ae6a2,Asian/Pacific-Islander,633.82,260.51,110.24,8612,3531,1418
2020-07-27,ec4a60ebb5eb79970161ff6ac925eaec481ae6a2,Black/African-American,1656.85,704.37,244.67,34116,15108,5261
2020-07-27,ec4a60ebb5eb79970161ff6ac925eaec481ae6a2,Hispanic/Latino,1599.96,670.82,259.6,38765,15740,5799
2020-07-27,ec4a60ebb5eb79970161ff6ac925eaec481ae6a2,White,1031.34,316.48,122.53,32560,11374,4805
2020-07-26,f7f16ad2ec56552acaa750825238cfb98796cc96,Asian/Pacific-Islander,633.7,260.47,110.24,8611,3531,1418
2020-07-26,f7f16ad2ec56552acaa750825238cfb98796cc96,Black/African-American,1656.08,704.23,244.43,34101,15105,5256
2020-07-26,f7f16ad2ec56552acaa750825238cfb98796cc96,Hispanic/Latino,1598.06,670.14,259.37,38720,15724,5794
2020-07-26,f7f16ad2ec56552acaa750825238cfb98796cc96,White,1031.06,316.46,122.41,32551,11372,4800
2020-07-25,fa0817c7d262dce6ebb2efc7d50bc83bf41991ed,Asian/Pacific-Islander,631.26,260.19,110.24,8580,3528,1418
2020-07-25,fa0817c7d262dce6ebb2efc7d50bc83bf41991ed,Black/African-American,1653.66,703.29,244.21,34056,15086,5251
2020-07-25,fa0817c7d262dce6ebb2efc7d50bc83bf41991ed,Hispanic/Latino,1592.52,669.8,259.27,38581,15715,5792
2020-07-25,fa0817c7d262dce6ebb2efc7d50bc83bf41991ed,White,1028.19,315.96,122.29,32472,11356,4796
2020-07-24,c2539dc70437a42575f3c3ea8b230047de23dff3,Asian/Pacific-Islander,624.32,259.56,110.08,8484,3519,1416
2020-07-24,c2539dc70437a42575f3c3ea8b230047de23dff3,Black/African-American,1644.43,702.91,243.91,33868,15078,5245
2020-07-24,c2539dc70437a42575f3c3ea8b230047de23dff3,Hispanic/Latino,1569.27,667.92,258.97,38008,15670,5785
2020-07-24,c2539dc70437a42575f3c3ea8b230047de23dff3,White,1022.27,315.79,122.17,32300,11348,4791
2020-07-23,4270c108e635c67d80af970c4540abdbb003b234,Asian/Pacific-Islander,623.41,259.44,109.93,8473,3518,1414
2020-07-23,4270c108e635c67d80af970c4540abdbb003b234,Black/African-American,1642.57,702.03,243.87,33830,15061,5244
2020-07-23,4270c108e635c67d80af970c4540abdbb003b234,Hispanic/Latino,1566.91,667.54,259.21,37950,15661,5791
2020-07-23,4270c108e635c67d80af970c4540abdbb003b234,White,1021.41,315.2,122.05,32274,11326,4787
2020-07-22,6e4171f60a90d5ee309111facbaa278cccb82a86,Asian/Pacific-Islander,622.75,259.42,110.03,8464,3518,1415
2020-07-22,6e4171f60a90d5ee309111facbaa278cccb82a86,Black/African-American,1640.57,701.76,243.66,33790,15055,5239
2020-07-22,6e4171f60a90d5ee309111facbaa278cccb82a86,Hispanic/Latino,1564.03,667.03,258.6,37880,15649,5777
2020-07-22,6e4171f60a90d5ee309111facbaa278cccb82a86,White,1019.68,315.09,122.02,32226,11323,4786
2020-07-21,ef6900beea4eac85128cd117dc83d1319191de08,Asian/Pacific-Islander,621.12,258.22,108.62,8446,3504,1400
2020-07-21,ef6900beea4eac85128cd117dc83d1319191de08,Black/African-American,1633.22,695.23,236.68,33634,14915,5090
2020-07-21,ef6900beea4eac85128cd117dc83d1319191de08,Hispanic/Latino,1551.2,656.22,247.01,37588,15404,5516
2020-07-21,ef6900beea4eac85128cd117dc83d1319191de08,White,1016.94,313.06,119.82,32122,11242,4698
2020-07-20,4613dc2bca155e3136d2e204ad89d64a30f7a334,Asian/Pacific-Islander,623.61,260.51,111.61,8477,3533,1438
2020-07-20,4613dc2bca155e3136d2e204ad89d64a30f7a334,Black/African-American,1638.8,701.71,244.58,33757,15055,5258
2020-07-20,4613dc2bca155e3136d2e204ad89d64a30f7a334,Hispanic/Latino,1558.73,665.48,257.56,37753,15614,5754
2020-07-20,4613dc2bca155e3136d2e204ad89d64a30f7a334,White,1017.79,315.09,122.27,32173,11324,4795
2020-07-19,b1a629db5ae84d7277e532b203d655e9532720bb,Asian/Pacific-Islander,623.08,260.51,111.45,8470,3533,1436
2020-07-19,b1a629db5ae84d7277e532b203d655e9532720bb,Black/African-American,1637.2,701.31,244.49,33726,15047,5256
2020-07-19,b1a629db5ae84d7277e532b203d655e9532720bb,Hispanic/Latino,1556.86,665.11,257.35,37708,15606,5750
2020-07-19,b1a629db5ae84d7277e532b203d655e9532720bb,White,1016.94,315.01,122.19,32147,11321,4792
2020-07-18,85349ab6bd47414e436873afd7fba6a45bb6ac12,Asian/Pacific-Islander,621.6,260.21,111.22,8450,3529,1433
2020-07-18,85349ab6bd47414e436873afd7fba6a45bb6ac12,Black/African-American,1635.07,700.79,244.25,33686,15037,5251
2020-07-18,85349ab6bd47414e436873afd7fba6a45bb6ac12,Hispanic/Latino,1554.94,664.74,257.25,37660,15596,5747
2020-07-18,85349ab6bd47414e436873afd7fba6a45bb6ac12,White,1015.45,314.88,122.14,32100,11315,4790
2020-07-17,732da3899c7995be809c7034d155e643b8234fde,Asian/Pacific-Islander,620.29,260.17,111.22,8436,3529,1433
2020-07-17,732da3899c7995be809c7034d155e643b8234fde,Black/African-American,1633.26,700.51,244.01,33649,15031,5246
2020-07-17,732da3899c7995be809c7034d155e643b8234fde,Hispanic/Latino,1551.98,664.09,257.07,37586,15580,5743
2020-07-17,732da3899c7995be809c7034d155e643b8234fde,White,1014.02,314.7,122.0,32059,11309,4785
2020-07-16,884471b3d7fb96a85a500e7360c3eb3d4593cdf4,Asian/Pacific-Islander,618.63,259.77,110.96,8415,3524,1430
2020-07-16,884471b3d7fb96a85a500e7360c3eb3d4593cdf4,Black/African-American,1631.2,699.54,243.86,33611,15013,5243
2020-07-16,884471b3d7fb96a85a500e7360c3eb3d4593cdf4,Hispanic/Latino,1547.93,663.29,257.04,37489,15562,5743
2020-07-16,884471b3d7fb96a85a500e7360c3eb3d4593cdf4,White,1012.98,314.37,122.1,32028,11296,4786
2020-07-15,d9bee1e514769766bfc888c5cf5b56ae7d2fe717,Asian/Pacific-Islander,617.42,259.46,110.82,8398,3519,1428
2020-07-15,d9bee1e514769766bfc888c5cf5b56ae7d2fe717,Black/African-American,1628.9,698.99,243.56,33569,15003,5237
2020-07-15,d9bee1e514769766bfc888c5cf5b56ae7d2fe717,Hispanic/Latino,1546.01,662.81,257.01,37442,15551,5742
2020-07-15,d9bee1e514769766bfc888c5cf5b56ae7d2fe717,White,1011.41,314.2,121.9,31984,11291,4779
2020-07-14,d3060c1cb1d3afddef722b42c6aa683fb90458e3,Asian/Pacific-Islander,615.56,259.2,110.63,8373,3515,1425
2020-07-14,d3060c1cb1d3afddef722b42c6aa683fb90458e3,Black/African-American,1626.67,698.58,243.3,33524,14994,5232
2020-07-14,d3060c1cb1d3afddef722b42c6aa683fb90458e3,Hispanic/Latino,1542.79,662.06,256.65,37364,15534,5734
2020-07-14,d3060c1cb1d3afddef722b42c6aa683fb90458e3,White,1010.19,314.05,121.59,31946,11283,4768
2020-07-13,f9726f4702d598be69987465de64c516a797fec7,Asian/Pacific-Islander,615.56,259.15,110.54,8373,3514,1424
2020-07-13,f9726f4702d598be69987465de64c516a797fec7,Black/African-American,1626.64,698.49,243.27,33524,14992,5231
2020-07-13,f9726f4702d598be69987465de64c516a797fec7,Hispanic/Latino,1542.87,661.81,256.41,37366,15528,5729
2020-07-13,f9726f4702d598be69987465de64c516a797fec7,White,1010.21,314.01,121.59,31947,11282,4768
2020-07-12,4f81f2d5e1b6bcd3f01267ffac4259cda7fae689,Asian/Pacific-Islander,614.73,259.15,110.41,8361,3514,1422
2020-07-12,4f81f2d5e1b6bcd3f01267ffac4259cda7fae689,Black/African-American,1624.89,698.18,243.03,33489,14986,5226
2020-07-12,4f81f2d5e1b6bcd3f01267ffac4259cda7fae689,Hispanic/Latino,1540.51,661.24,256.11,37308,15514,5722
2020-07-12,4f81f2d5e1b6bcd3f01267ffac4259cda7fae689,White,1009.66,313.74,121.22,31930,11274,4754
2020-07-11,7ecf2cdd35fe3a7a0c3d4129a9888fd4ca8550ed,Asian/Pacific-Islander,613.59,258.65,110.41,8345,3508,1422
2020-07-11,7ecf2cdd35fe3a7a0c3d4129a9888fd4ca8550ed,Black/African-American,1623.11,697.78,242.98,33453,14978,5225
2020-07-11,7ecf2cdd35fe3a7a0c3d4129a9888fd4ca8550ed,Hispanic/Latino,1537.92,660.57,255.93,37244,15498,5718
2020-07-11,7ecf2cdd35fe3a7a0c3d4129a9888fd4ca8550ed,White,1008.52,313.56,121.19,31900,11268,4753
2020-07-10,70cb39a0b8b78433d26dc8f816d61da78fee75f5,Asian/Pacific-Islander,612.85,258.5,110.35,8335,3506,1421
2020-07-10,70cb39a0b8b78433d26dc8f816d61da78fee75f5,Black/African-American,1620.73,697.23,242.73,33406,14968,5220
2020-07-10,70cb39a0b8b78433d26dc8f816d61da78fee75f5,Hispanic/Latino,1535.14,659.84,255.73,37175,15480,5714
2020-07-10,70cb39a0b8b78433d26dc8f816d61da78fee75f5,White,1007.67,313.42,121.04,31874,11263,4747
2020-07-09,ce5be7225940034f774ab31d0dc09ba54125642f,Asian/Pacific-Islander,611.66,258.45,110.26,8320,3506,1420
2020-07-09,ce5be7225940034f774ab31d0dc09ba54125642f,Black/African-American,1618.57,697.1,242.48,33362,14966,5214
2020-07-09,ce5be7225940034f774ab31d0dc09ba54125642f,Hispanic/Latino,1532.82,659.32,255.41,37119,15468,5707
2020-07-09,ce5be7225940034f774ab31d0dc09ba54125642f,White,1006.6,313.36,120.98,31842,11262,4744
2020-07-08,17e76119fc87a656c9ef3729e5e9ac702894b40b,Asian/Pacific-Islander,610.75,258.19,110.1,8306,3501,1418
2020-07-08,17e76119fc87a656c9ef3729e5e9ac702894b40b,Black/African-American,1616.33,696.05,242.27,33320,14945,5210
2020-07-08,17e76119fc87a656c9ef3729e5e9ac702894b40b,Hispanic/Latino,1530.25,658.58,255.31,37055,15450,5705
2020-07-08,17e76119fc87a656c9ef3729e5e9ac702894b40b,White,1005.23,313.0,120.77,31801,11251,4737
2020-07-07,7132770488c7ef820ab3c3bc9dd22a3dbe5572fe,Asian/Pacific-Islander,609.6,258.15,110.15,8290,3501,1419
2020-07-07,7132770488c7ef820ab3c3bc9dd22a3dbe5572fe,Black/African-American,1614.12,695.82,242.11,33277,14941,5206
2020-07-07,7132770488c7ef820ab3c3bc9dd22a3dbe5572fe,Hispanic/Latino,1527.82,658.14,255.23,36995,15440,5703
2020-07-07,7132770488c7ef820ab3c3bc9dd22a3dbe5572fe,White,1004.19,312.76,120.77,31770,11243,4737
2020-07-06,eda5f92d1396398f7c0abb72c7d0ce189a374281,Asian/Pacific-Islander,609.29,258.03,110.15,8286,3499,1419
2020-07-06,eda5f92d1396398f7c0abb72c7d0ce189a374281,Black/African-American,1613.54,694.87,241.79,33265,14922,5199
2020-07-06,eda5f92d1396398f7c0abb72c7d0ce189a374281,Hispanic/Latino,1527.08,657.27,254.97,36978,15419,5698
2020-07-06,eda5f92d1396398f7c0abb72c7d0ce189a374281,White,1003.65,312.45,120.65,31754,11232,4732
2020-07-05,2232fd908e3e32244bf653e51e7684af9c87970b,Asian/Pacific-Islander,608.75,258.03,110.15,8279,3499,1419
2020-07-05,2232fd908e3e32244bf653e51e7684af9c87970b,Black/African-American,1612.25,694.87,241.58,33240,14922,5195
2020-07-05,2232fd908e3e32244bf653e51e7684af9c87970b,Hispanic/Latino,1525.35,657.02,254.58,36935,15413,5689
2020-07-05,2232fd908e3e32244bf653e51e7684af9c87970b,White,1002.98,312.43,120.63,31738,11231,4731
2020-07-04,72af70695f62b928425560ff002edc372141ca81,Asian/Pacific-Islander,606.69,258.03,110.06,8250,3499,1418
2020-07-04,72af70695f62b928425560ff002edc372141ca81,Black/African-American,1609.5,694.43,241.29,33185,14912,5188
2020-07-04,72af70695f62b928425560ff002edc372141ca81,Hispanic/Latino,1523.07,656.66,254.02,36880,15404,5676
2020-07-04,72af70695f62b928425560ff002edc372141ca81,White,1001.47,312.22,120.33,31694,11223,4719
2020-07-03,97b6723d9a02b5f3108b3864ea52627dee92ce68,Asian/Pacific-Islander,605.68,257.62,109.85,8236,3493,1415
2020-07-03,97b6723d9a02b5f3108b3864ea52627dee92ce68,Black/African-American,1606.99,693.98,241.03,33135,14903,5183
2020-07-03,97b6723d9a02b5f3108b3864ea52627dee92ce68,Hispanic/Latino,1520.82,656.26,253.98,36824,15394,5675
2020-07-03,97b6723d9a02b5f3108b3864ea52627dee92ce68,White,1000.16,312.07,120.15,31653,11218,4712
2020-07-02,144c474d7b7cb2d2fd1eb7a0c39208453519e311,Asian/Pacific-Islander,604.28,257.25,109.71,8217,3488,1413
2020-07-02,144c474d7b7cb2d2fd1eb7a0c39208453519e311,Black/African-American,1604.91,693.19,240.5,33093,14885,5171
2020-07-02,144c474d7b7cb2d2fd1eb7a0c39208453519e311,Hispanic/Latino,1518.81,655.7,253.74,36777,15382,5670
2020-07-02,144c474d7b7cb2d2fd1eb7a0c39208453519e311,White,998.73,311.85,120.12,31610,11211,4710
2020-07-01,41f823d90887251735ad4e6f4814548fc9526606,Asian/Pacific-Islander,603.52,257.26,109.66,8207,3488,1412
2020-07-01,41f823d90887251735ad4e6f4814548fc9526606,Black/African-American,1603.32,692.95,240.32,33061,14880,5166
2020-07-01,41f823d90887251735ad4e6f4814548fc9526606,Hispanic/Latino,1517.85,655.8,253.73,36752,15384,5670
2020-07-01,41f823d90887251735ad4e6f4814548fc9526606,White,997.85,311.66,119.92,31584,11204,4702
2020-06-30,695e5fbdada25273f13b4af024f96e37f8503efc,Asian/Pacific-Islander,602.8,256.87,109.68,8197,3483,1412
2020-06-30,695e5fbdada25273f13b4af024f96e37f8503efc,Black/African-American,1602.05,692.6,240.33,33034,14873,5167
2020-06-30,695e5fbdada25273f13b4af024f96e37f8503efc,Hispanic/Latino,1514.04,654.32,253.21,36658,15348,5658
2020-06-30,695e5fbdada25273f13b4af024f96e37f8503efc,White,996.33,311.53,119.82,31541,11200,4698
2020-06-28,f78cda145befd762b6644b2f57fa47bbc9ce92e3,Asian/Pacific-Islander,601.46,255.55,105.25,8179,3466,1354
2020-06-28,f78cda145befd762b6644b2f57fa47bbc9ce92e3,Black/African-American,1597.86,688.78,230.39,32950,14795,4956
2020-06-28,f78cda145befd762b6644b2f57fa47bbc9ce92e3,Hispanic/Latino,1508.18,649.21,245.99,36518,15228,5496
2020-06-28,f78cda145befd762b6644b2f57fa47bbc9ce92e3,White,994.45,309.94,114.74,31479,11146,4497
2020-06-27,5d87847b9fd6da73ff5c1ba03dada0b624b60744,Asian/Pacific-Islander,600.54,255.39,105.21,8167,3464,1354
2020-06-27,5d87847b9fd6da73ff5c1ba03dada0b624b60744,Black/African-American,1595.72,687.61,229.78,32907,14770,4943
2020-06-27,5d87847b9fd6da73ff5c1ba03dada0b624b60744,Hispanic/Latino,1506.5,648.77,245.76,36477,15217,5491
2020-06-27,5d87847b9fd6da73ff5c1ba03dada0b624b60744,White,992.94,309.53,114.57,31433,11130,4491
2020-06-26,7e1c437a15155923cdd3661efe3d363feb934be0,Asian/Pacific-Islander,599.66,255.28,104.77,8156,3462,1348
2020-06-26,7e1c437a15155923cdd3661efe3d363feb934be0,Black/African-American,1593.89,687.11,229.31,32869,14759,4932
2020-06-26,7e1c437a15155923cdd3661efe3d363feb934be0,Hispanic/Latino,1505.08,648.14,245.21,36443,15203,5478
2020-06-26,7e1c437a15155923cdd3661efe3d363feb934be0,White,991.68,309.4,114.35,31393,11126,4483
2020-06-25,296486db8a787e8da20e73bae33f7705e01fbb6b,Asian/Pacific-Islander,599.37,255.28,104.61,8152,3462,1346
2020-06-25,296486db8a787e8da20e73bae33f7705e01fbb6b,Black/African-American,1591.47,686.56,228.64,32820,14748,4918
2020-06-25,296486db8a787e8da20e73bae33f7705e01fbb6b,Hispanic/Latino,1502.37,647.73,244.81,36377,15193,5469
2020-06-25,296486db8a787e8da20e73bae33f7705e01fbb6b,White,990.78,309.25,114.13,31366,11122,4474
2020-06-24,be46b4e48653c29fab890473672cd7d7e0c7e59c,Asian/Pacific-Islander,598.61,254.97,104.3,8142,3458,1342
2020-06-24,be46b4e48653c29fab890473672cd7d7e0c7e59c,Black/African-American,1589.34,685.62,228.13,32776,14728,4907
2020-06-24,be46b4e48653c29fab890473672cd7d7e0c7e59c,Hispanic/Latino,1500.08,646.94,244.09,36322,15175,5452
2020-06-24,be46b4e48653c29fab890473672cd7d7e0c7e59c,White,989.46,308.74,113.67,31323,11103,4457
2020-06-23,cf508e8fe08ddff44a847c1b54209c598b88c913,Asian/Pacific-Islander,598.55,254.94,104.7,8141,3458,1347
2020-06-23,cf508e8fe08ddff44a847c1b54209c598b88c913,Black/African-American,1587.81,684.94,227.79,32744,14713,4900
2020-06-23,cf508e8fe08ddff44a847c1b54209c598b88c913,Hispanic/Latino,1497.83,645.91,244.1,36267,15150,5451
2020-06-23,cf508e8fe08ddff44a847c1b54209c598b88c913,White,988.51,308.29,113.41,31294,11086,4448
2020-06-22,cc87cd44bbae0b365e7ec83d25f9ad5bc6b72778,Asian/Pacific-Islander,597.47,255.33,104.47,8128,3465,1344
2020-06-22,cc87cd44bbae0b365e7ec83d25f9ad5bc6b72778,Black/African-American,1584.35,684.3,227.47,32672,14699,4893
2020-06-22,cc87cd44bbae0b365e7ec83d25f9ad5bc6b72778,Hispanic/Latino,1491.51,643.04,243.25,36116,15083,5432
2020-06-22,cc87cd44bbae0b365e7ec83d25f9ad5bc6b72778,White,986.83,308.12,113.25,31239,11080,4441
2020-06-21,deac492572f142ff768b0f377798512b7d71319a,Asian/Pacific-Islander,596.85,254.91,104.32,8119,3459,1342
2020-06-21,deac492572f142ff768b0f377798512b7d71319a,Black/African-American,1582.81,683.73,227.18,32638,14687,4886
2020-06-21,deac492572f142ff768b0f377798512b7d71319a,Hispanic/Latino,1489.68,642.2,242.75,36071,15063,5420
2020-06-21,deac492572f142ff768b0f377798512b7d71319a,White,986.1,307.8,112.94,31214,11069,4430
2020-06-20,1e719a7f7e0db540be277d2f6cf18badc3088ee9,Asian/Pacific-Islander,596.31,254.55,104.32,8112,3455,1342
2020-06-20,1e719a7f7e0db540be277d2f6cf18badc3088ee9,Black/African-American,1580.75,683.1,226.8,32597,14674,4878
2020-06-20,1e719a7f7e0db540be277d2f6cf18badc3088ee9,Hispanic/Latino,1487.74,641.55,242.57,36024,15047,5416
2020-06-20,1e719a7f7e0db540be277d2f6cf18badc3088ee9,White,985.51,307.45,112.59,31196,11058,4417
2020-06-19,7e6195efe0a081ecdf33a7f2ec003d9230268c12,Asian/Pacific-Islander,594.9,254.44,103.96,8094,3453,1337
2020-06-19,7e6195efe0a081ecdf33a7f2ec003d9230268c12,Black/African-American,1578.46,682.74,226.55,32551,14667,4872
2020-06-19,7e6195efe0a081ecdf33a7f2ec003d9230268c12,Hispanic/Latino,1485.17,640.74,242.1,35962,15028,5405
2020-06-19,7e6195efe0a081ecdf33a7f2ec003d9230268c12,White,984.29,307.27,112.4,31157,11052,4409
2020-06-18,ef7b0a53f3f2007fbc98d201a0bec962af06af42,Asian/Pacific-Islander,595.02,254.37,103.87,8096,3452,1336
2020-06-18,ef7b0a53f3f2007fbc98d201a0bec962af06af42,Black/African-American,1578.46,682.48,226.06,32550,14662,4862
2020-06-18,ef7b0a53f3f2007fbc98d201a0bec962af06af42,Hispanic/Latino,1485.28,640.49,241.94,35965,15022,5401
2020-06-18,ef7b0a53f3f2007fbc98d201a0bec962af06af42,White,984.16,307.05,112.22,31153,11046,4402
2020-06-17,9139cf24bd5501cbdff732f4738930ebf2d21ee4,Asian/Pacific-Islander,594.09,254.02,103.63,8084,3447,1333
2020-06-17,9139cf24bd5501cbdff732f4738930ebf2d21ee4,Black/African-American,1575.64,681.73,225.69,32492,14647,4855
2020-06-17,9139cf24bd5501cbdff732f4738930ebf2d21ee4,Hispanic/Latino,1482.45,639.89,241.6,35895,15008,5394
2020-06-17,9139cf24bd5501cbdff732f4738930ebf2d21ee4,White,982.44,306.67,112.1,31102,11033,4397
2020-06-16,a86f0bf54cf761a0756e99d24fd037c04cb0a2ec,Asian/Pacific-Islander,593.32,252.75,103.4,8073,3429,1330
2020-06-16,a86f0bf54cf761a0756e99d24fd037c04cb0a2ec,Black/African-American,1574.33,674.77,225.02,32464,14501,4841
2020-06-16,a86f0bf54cf761a0756e99d24fd037c04cb0a2ec,Hispanic/Latino,1481.06,636.39,241.38,35861,14925,5389
2020-06-16,a86f0bf54cf761a0756e99d24fd037c04cb0a2ec,White,981.08,303.83,111.9,31059,10939,4389
2020-06-15,8ebc7a35f37f2ed2310574ea5b2e4047163c8265,Asian/Pacific-Islander,592.26,252.87,103.32,8057,3430,1328
2020-06-15,8ebc7a35f37f2ed2310574ea5b2e4047163c8265,Black/African-American,1570.93,673.87,224.88,32397,14486,4839
2020-06-15,8ebc7a35f37f2ed2310574ea5b2e4047163c8265,Hispanic/Latino,1475.48,634.13,240.41,35726,14871,5367
2020-06-15,8ebc7a35f37f2ed2310574ea5b2e4047163c8265,White,979.28,303.51,111.78,30998,10930,4385
2020-06-14,9913aec646fd3eb47b9a84afaf4db3f231b0c3a9,Asian/Pacific-Islander,590.53,252.73,103.16,8034,3428,1326
2020-06-14,9913aec646fd3eb47b9a84afaf4db3f231b0c3a9,Black/African-American,1565.74,672.82,224.36,32289,14464,4828
2020-06-14,9913aec646fd3eb47b9a84afaf4db3f231b0c3a9,Hispanic/Latino,1471.46,633.32,239.87,35628,14852,5355
2020-06-14,9913aec646fd3eb47b9a84afaf4db3f231b0c3a9,White,977.13,303.16,111.54,30927,10918,4376
2020-06-13,9b7a380c44801db4cf3fdd87fe97747542e20e03,Asian/Pacific-Islander,590.67,252.65,103.1,8036,3427,1325
2020-06-13,9b7a380c44801db4cf3fdd87fe97747542e20e03,Black/African-American,1565.57,672.24,223.97,32286,14453,4820
2020-06-13,9b7a380c44801db4cf3fdd87fe97747542e20e03,Hispanic/Latino,1471.28,632.96,239.77,35623,14843,5353
2020-06-13,9b7a380c44801db4cf3fdd87fe97747542e20e03,White,976.95,302.85,111.36,30921,10908,4369
2020-06-12,b92f6e5cd8d625fba712128a54da8236694c5941,Asian/Pacific-Islander,589.82,252.56,102.91,8025,3426,1323
2020-06-12,b92f6e5cd8d625fba712128a54da8236694c5941,Black/African-American,1563.26,671.76,223.27,32240,14442,4804
2020-06-12,b92f6e5cd8d625fba712128a54da8236694c5941,Hispanic/Latino,1469.76,632.89,239.41,35587,14842,5345
2020-06-12,b92f6e5cd8d625fba712128a54da8236694c5941,White,975.84,302.64,111.01,30884,10901,4355
2020-06-11,b6ae2b94fb0f32283201433147a6f07d0aa14815,Asian/Pacific-Islander,589.2,252.31,102.83,8016,3422,1321
2020-06-11,b6ae2b94fb0f32283201433147a6f07d0aa14815,Black/African-American,1560.89,670.86,222.42,32192,14425,4786
2020-06-11,b6ae2b94fb0f32283201433147a6f07d0aa14815,Hispanic/Latino,1466.81,631.86,238.72,35517,14818,5330
2020-06-11,b6ae2b94fb0f32283201433147a6f07d0aa14815,White,974.28,302.22,110.79,30835,10885,4347
2020-06-10,b820b687f7b032763fbb38b59d79f512dc3971df,Asian/Pacific-Islander,588.57,252.07,102.37,8007,3419,1316
2020-06-10,b820b687f7b032763fbb38b59d79f512dc3971df,Black/African-American,1557.39,670.17,221.77,32124,14410,4772
2020-06-10,b820b687f7b032763fbb38b59d79f512dc3971df,Hispanic/Latino,1464.0,631.4,238.39,35449,14807,5322
2020-06-10,b820b687f7b032763fbb38b59d79f512dc3971df,White,973.04,302.07,110.62,30797,10880,4340
2020-06-09,5ecc5d16eeb6f8202c3457bea892cfe8eea5dab9,Asian/Pacific-Islander,587.31,251.65,102.19,7990,3412,1313
2020-06-09,5ecc5d16eeb6f8202c3457bea892cfe8eea5dab9,Black/African-American,1555.07,669.08,221.17,32077,14388,4759
2020-06-09,5ecc5d16eeb6f8202c3457bea892cfe8eea5dab9,Hispanic/Latino,1461.44,630.49,237.43,35386,14785,5301
2020-06-09,5ecc5d16eeb6f8202c3457bea892cfe8eea5dab9,White,972.08,301.74,110.24,30763,10869,4325
2020-06-08,3f21405a00bf7c93db5a5209b44886882feb30a6,Asian/Pacific-Islander,586.8,250.91,101.87,7983,3402,1309
2020-06-08,3f21405a00bf7c93db5a5209b44886882feb30a6,Black/African-American,1553.94,665.88,220.62,32053,14320,4747
2020-06-08,3f21405a00bf7c93db5a5209b44886882feb30a6,Hispanic/Latino,1459.16,628.88,236.78,35332,14748,5287
2020-06-08,3f21405a00bf7c93db5a5209b44886882feb30a6,White,971.36,300.65,110.14,30741,10830,4321
2020-06-07,6328e0b130a4dee1f6140ed3aa8264168d2a925f,Asian/Pacific-Islander,586.24,250.67,101.69,7976,3399,1307
2020-06-07,6328e0b130a4dee1f6140ed3aa8264168d2a925f,Black/African-American,1551.39,665.61,219.99,32001,14314,4733
2020-06-07,6328e0b130a4dee1f6140ed3aa8264168d2a925f,Hispanic/Latino,1457.08,628.63,236.56,35282,14743,5282
2020-06-07,6328e0b130a4dee1f6140ed3aa8264168d2a925f,White,970.32,300.46,109.95,30705,10823,4313
2020-06-06,9e0c1fe569b09ebddbccd6c9f6d519e28920e86a,Asian/Pacific-Islander,584.85,250.07,101.32,7955,3389,1301
2020-06-06,9e0c1fe569b09ebddbccd6c9f6d519e28920e86a,Black/African-American,1547.0,663.3,219.13,31910,14267,4716
2020-06-06,9e0c1fe569b09ebddbccd6c9f6d519e28920e86a,Hispanic/Latino,1455.02,628.78,238.53,35223,14740,5319
2020-06-06,9e0c1fe569b09ebddbccd6c9f6d519e28920e86a,White,967.21,298.99,108.98,30596,10768,4274
2020-06-05,582977c6b9e14f048305403e1b830145e0669a5e,Asian/Pacific-Islander,581.52,251.77,102.46,7907,3409,1315
2020-06-05,582977c6b9e14f048305403e1b830145e0669a5e,Black/African-American,1540.7,664.35,219.77,31784,14289,4730
2020-06-05,582977c6b9e14f048305403e1b830145e0669a5e,Hispanic/Latino,1416.0,612.02,233.42,34302,14362,5211
2020-06-05,582977c6b9e14f048305403e1b830145e0669a5e,White,963.08,300.21,109.69,30473,10815,4300
2020-06-04,f094fb20c7843f218cea3bc47a06ebe8055d6127,Asian/Pacific-Islander,582.08,252.04,102.92,7916,3414,1321
2020-06-04,f094fb20c7843f218cea3bc47a06ebe8055d6127,Black/African-American,1538.64,662.76,219.39,31741,14257,4722
2020-06-04,f094fb20c7843f218cea3bc47a06ebe8055d6127,Hispanic/Latino,1406.0,606.57,231.81,34059,14230,5175
2020-06-04,f094fb20c7843f218cea3bc47a06ebe8055d6127,White,962.23,299.04,109.31,30443,10776,4285
2020-06-03,eb3b8e99cb07bb04ff7b73c2d86e45ae68a4aab7,Asian/Pacific-Islander,580.9,252.0,102.74,7901,3414,1319
2020-06-03,eb3b8e99cb07bb04ff7b73c2d86e45ae68a4aab7,Black/African-American,1535.55,661.87,218.52,31679,14240,4704
2020-06-03,eb3b8e99cb07bb04ff7b73c2d86e45ae68a4aab7,Hispanic/Latino,1402.09,605.48,231.15,33964,14204,5161
2020-06-03,eb3b8e99cb07bb04ff7b73c2d86e45ae68a4aab7,White,960.95,298.6,108.95,30401,10761,4272
2020-06-02,53f5d7935feb50fe87132c928f45455af4149407,Asian/Pacific-Islander,579.51,251.38,102.38,7880,3405,1314
2020-06-02,53f5d7935feb50fe87132c928f45455af4149407,Black/African-American,1532.78,661.81,218.28,31621,14236,4698
2020-06-02,53f5d7935feb50fe87132c928f45455af4149407,Hispanic/Latino,1399.84,605.06,230.44,33910,14195,5146
2020-06-02,53f5d7935feb50fe87132c928f45455af4149407,White,959.47,298.46,108.61,30349,10750,4259
2020-06-01,62444c1cbfda69c28ed468d14be3f332ea35eea7,Asian/Pacific-Islander,579.55,251.1,102.51,7881,3402,1316
2020-06-01,62444c1cbfda69c28ed468d14be3f332ea35eea7,Black/African-American,1530.77,660.38,218.11,31584,14208,4696
2020-06-01,62444c1cbfda69c28ed468d14be3f332ea35eea7,Hispanic/Latino,1396.35,602.26,230.02,33825,14129,5136
2020-06-01,62444c1cbfda69c28ed468d14be3f332ea35eea7,White,959.14,297.59,108.79,30340,10720,4264
2020-05-31,9b5cd4d9259587d41017804dda6589a7b2ab5b3c,Asian/Pacific-Islander,578.96,250.77,102.25,7874,3398,1313
2020-05-31,9b5cd4d9259587d41017804dda6589a7b2ab5b3c,Black/African-American,1527.03,658.59,217.69,31506,14168,4687
2020-05-31,9b5cd4d9259587d41017804dda6589a7b2ab5b3c,Hispanic/Latino,1392.93,600.41,228.98,33743,14086,5114
2020-05-31,9b5cd4d9259587d41017804dda6589a7b2ab5b3c,White,957.9,296.54,108.54,30298,10687,4256
2020-05-30,3e9a27ce96a59d9107295ade2b2d7255e605b47b,Asian/Pacific-Islander,577.66,249.15,102.11,7856,3376,1311
2020-05-30,3e9a27ce96a59d9107295ade2b2d7255e605b47b,Black/African-American,1521.53,654.24,216.9,31395,14076,4669
2020-05-30,3e9a27ce96a59d9107295ade2b2d7255e605b47b,Hispanic/Latino,1387.3,596.88,227.68,33606,14003,5086
2020-05-30,3e9a27ce96a59d9107295ade2b2d7255e605b47b,White,956.38,294.07,108.2,30250,10603,4243
2020-05-29,8636c5557e93e0c5f35b8c2f8ae1ed1e1077d469,Asian/Pacific-Islander,570.68,247.7,101.39,7761,3356,1302
2020-05-29,8636c5557e93e0c5f35b8c2f8ae1ed1e1077d469,Black/African-American,1506.42,651.58,216.07,31092,14021,4652
2020-05-29,8636c5557e93e0c5f35b8c2f8ae1ed1e1077d469,Hispanic/Latino,1347.33,591.84,227.02,32614,13883,5070
2020-05-29,8636c5557e93e0c5f35b8c2f8ae1ed1e1077d469,White,951.37,291.9,107.72,30093,10530,4225
2020-05-28,65efb1f75b2714bf06fc2e76fba22315727f6943,Asian/Pacific-Islander,569.67,247.54,101.04,7748,3354,1298
2020-05-28,65efb1f75b2714bf06fc2e76fba22315727f6943,Black/African-American,1501.48,651.05,215.39,30992,14009,4636
2020-05-28,65efb1f75b2714bf06fc2e76fba22315727f6943,Hispanic/Latino,1342.14,590.75,225.83,32486,13858,5043
2020-05-28,65efb1f75b2714bf06fc2e76fba22315727f6943,White,948.18,291.77,107.22,29996,10524,4208
2020-05-27,498a068d6ca1765231b8526a5529ec552a0daff7,Asian/Pacific-Islander,567.53,246.78,100.83,7719,3345,1295
2020-05-27,498a068d6ca1765231b8526a5529ec552a0daff7,Black/African-American,1495.33,650.3,214.8,30870,13994,4623
2020-05-27,498a068d6ca1765231b8526a5529ec552a0daff7,Hispanic/Latino,1336.72,589.06,225.07,32355,13819,5026
2020-05-27,498a068d6ca1765231b8526a5529ec552a0daff7,White,944.79,290.94,106.72,29887,10495,4188
2020-05-26,d52fdfe48dc9b8fe446df048c681b9c19555e469,Asian/Pacific-Islander,567.28,246.93,100.88,7717,3347,1296
2020-05-26,d52fdfe48dc9b8fe446df048c681b9c19555e469,Black/African-American,1492.87,648.96,214.1,30820,13968,4607
2020-05-26,d52fdfe48dc9b8fe446df048c681b9c19555e469,Hispanic/Latino,1334.03,588.11,224.48,32292,13797,5012
2020-05-26,d52fdfe48dc9b8fe446df048c681b9c19555e469,White,944.69,290.86,106.45,29880,10490,4177
2020-05-25,f19c0bc29137b7a1c503c09ec0c2b2e08d27d439,Asian/Pacific-Islander,566.55,246.55,99.97,7708,3342,1285
2020-05-25,f19c0bc29137b7a1c503c09ec0c2b2e08d27d439,Black/African-American,1489.75,647.99,213.01,30757,13948,4584
2020-05-25,f19c0bc29137b7a1c503c09ec0c2b2e08d27d439,Hispanic/Latino,1331.13,587.08,223.68,32225,13775,4995
2020-05-25,f19c0bc29137b7a1c503c09ec0c2b2e08d27d439,White,943.04,290.19,105.92,29826,10465,4157
2020-05-24,9332798c68db780365109f156892efc3d9315485,Asian/Pacific-Islander,564.65,246.14,99.49,7681,3337,1279
2020-05-24,9332798c68db780365109f156892efc3d9315485,Black/African-American,1485.23,647.5,212.67,30662,13938,4577
2020-05-24,9332798c68db780365109f156892efc3d9315485,Hispanic/Latino,1323.75,585.42,222.21,32049,13738,4962
2020-05-24,9332798c68db780365109f156892efc3d9315485,White,941.42,290.21,105.82,29770,10464,4152
2020-05-23,8d88b2c06cf6b65676d58b28979731faa10c193c,Asian/Pacific-Islander,562.98,245.82,99.24,7660,3333,1276
2020-05-23,8d88b2c06cf6b65676d58b28979731faa10c193c,Black/African-American,1480.31,645.85,211.33,30564,13905,4548
2020-05-23,8d88b2c06cf6b65676d58b28979731faa10c193c,Hispanic/Latino,1320.14,584.1,221.09,31961,13707,4936
2020-05-23,8d88b2c06cf6b65676d58b28979731faa10c193c,White,938.83,289.8,105.49,29687,10447,4139
2020-05-22,3cbb3b744ed90befb37ea7680fac3aa7f782bb30,Asian/Pacific-Islander,560.65,244.29,98.07,7631,3313,1262
2020-05-22,3cbb3b744ed90befb37ea7680fac3aa7f782bb30,Black/African-American,1475.75,643.12,210.26,30473,13851,4525
2020-05-22,3cbb3b744ed90befb37ea7680fac3aa7f782bb30,Hispanic/Latino,1314.06,580.92,219.34,31815,13633,4897
2020-05-22,3cbb3b744ed90befb37ea7680fac3aa7f782bb30,White,936.45,288.08,105.01,29611,10388,4120
2020-05-21,d3a18736ecd9589ab4db24f8cdf76fd40b82c661,Asian/Pacific-Islander,558.56,243.54,97.16,7603,3303,1251
2020-05-21,d3a18736ecd9589ab4db24f8cdf76fd40b82c661,Black/African-American,1470.0,641.23,208.81,30355,13812,4494
2020-05-21,d3a18736ecd9589ab4db24f8cdf76fd40b82c661,Hispanic/Latino,1306.84,578.35,217.49,31641,13573,4855
2020-05-21,d3a18736ecd9589ab4db24f8cdf76fd40b82c661,White,933.62,287.68,104.27,29519,10372,4090
2020-05-20,0c4a03c9a39470b49a60eb1456c64fb0df9e08f8,Asian/Pacific-Islander,557.19,243.3,96.77,7586,3300,1246
2020-05-20,0c4a03c9a39470b49a60eb1456c64fb0df9e08f8,Black/African-American,1467.35,639.9,207.34,30303,13784,4463
2020-05-20,0c4a03c9a39470b49a60eb1456c64fb0df9e08f8,Hispanic/Latino,1301.52,576.74,215.93,31511,13535,4819
2020-05-20,0c4a03c9a39470b49a60eb1456c64fb0df9e08f8,White,931.08,286.94,103.7,29438,10344,4068
2020-05-19,a68f42fe3615eaf3d36df219059eb94595cee933,Asian/Pacific-Islander,554.82,241.61,95.31,7556,3278,1228
2020-05-19,a68f42fe3615eaf3d36df219059eb94595cee933,Black/African-American,1462.25,637.45,206.04,30197,13733,4436
2020-05-19,a68f42fe3615eaf3d36df219059eb94595cee933,Hispanic/Latino,1294.87,574.35,214.48,31347,13476,4785
2020-05-19,a68f42fe3615eaf3d36df219059eb94595cee933,White,926.29,285.58,102.69,29283,10294,4027
2020-05-18,50e60ee5c8f36198abc9b697761128dd29f10fc9,Asian/Pacific-Islander,553.26,240.35,94.75,7535,3261,1220
2020-05-18,50e60ee5c8f36198abc9b697761128dd29f10fc9,Black/African-American,1458.46,632.38,204.79,30120,13630,4409
2020-05-18,50e60ee5c8f36198abc9b697761128dd29f10fc9,Hispanic/Latino,1289.36,570.47,212.79,31215,13386,4746
2020-05-18,50e60ee5c8f36198abc9b697761128dd29f10fc9,White,925.27,284.06,102.94,29251,10251,4038
