Date,Commit,RACE_GROUP,CONFIRMED_DEATH,PROBABLE_DEATH
2020-12-12,3333e6369a3b5563815b2fccb55a5556bc72beb4,Hispanic/Latino,6070,1269
2020-12-12,3333e6369a3b5563815b2fccb55a5556bc72beb4,Black/African-American,5423,1440
2020-12-12,3333e6369a3b5563815b2fccb55a5556bc72beb4,White,5072,1221
2020-12-12,3333e6369a3b5563815b2fccb55a5556bc72beb4,Asian/Pacific-Islander,1480,416
2020-12-12,3333e6369a3b5563815b2fccb55a5556bc72beb4,Other/Unknown,1709,333
2020-12-12,3333e6369a3b5563815b2fccb55a5556bc72beb4,Data pending,0,34
2020-12-11,4250efeaabe764e736c618edb882b48630d51f18,Hispanic/Latino,6059,1270
2020-12-11,4250efeaabe764e736c618edb882b48630d51f18,Black/African-American,5424,1439
2020-12-11,4250efeaabe764e736c618edb882b48630d51f18,White,5072,1219
2020-12-11,4250efeaabe764e736c618edb882b48630d51f18,Asian/Pacific-Islander,1478,416
2020-12-11,4250efeaabe764e736c618edb882b48630d51f18,Other/Unknown,1700,333
2020-12-11,4250efeaabe764e736c618edb882b48630d51f18,Data pending,0,40
2020-12-10,46ab169e83d19fa8ad7051a3e1bab162ef0c1aca,Hispanic/Latino,6054,1270
2020-12-10,46ab169e83d19fa8ad7051a3e1bab162ef0c1aca,Black/African-American,5418,1439
2020-12-10,46ab169e83d19fa8ad7051a3e1bab162ef0c1aca,White,5063,1217
2020-12-10,46ab169e83d19fa8ad7051a3e1bab162ef0c1aca,Asian/Pacific-Islander,1470,416
2020-12-10,46ab169e83d19fa8ad7051a3e1bab162ef0c1aca,Other/Unknown,1699,334
2020-12-10,46ab169e83d19fa8ad7051a3e1bab162ef0c1aca,Data pending,0,41
2020-12-09,b54fa3dcf7387a78208021280c7f6f6dd27bfd93,Hispanic/Latino,6055,1269
2020-12-09,b54fa3dcf7387a78208021280c7f6f6dd27bfd93,Black/African-American,5416,1440
2020-12-09,b54fa3dcf7387a78208021280c7f6f6dd27bfd93,White,5056,1217
2020-12-09,b54fa3dcf7387a78208021280c7f6f6dd27bfd93,Asian/Pacific-Islander,1469,416
2020-12-09,b54fa3dcf7387a78208021280c7f6f6dd27bfd93,Other/Unknown,1698,333
2020-12-09,b54fa3dcf7387a78208021280c7f6f6dd27bfd93,Data pending,0,42
2020-12-08,2a2295acc84a0c6f42617bfd60236d7b13c264e9,Hispanic/Latino,6054,1268
2020-12-08,2a2295acc84a0c6f42617bfd60236d7b13c264e9,Black/African-American,5412,1440
2020-12-08,2a2295acc84a0c6f42617bfd60236d7b13c264e9,White,5059,1216
2020-12-08,2a2295acc84a0c6f42617bfd60236d7b13c264e9,Asian/Pacific-Islander,1467,415
2020-12-08,2a2295acc84a0c6f42617bfd60236d7b13c264e9,Other/Unknown,1699,333
2020-12-08,2a2295acc84a0c6f42617bfd60236d7b13c264e9,Data pending,0,53
2020-12-07,ef4c1c4fc937cbe5942e5d2535d36d14710c16ab,Hispanic/Latino,6055,1267
2020-12-07,ef4c1c4fc937cbe5942e5d2535d36d14710c16ab,Black/African-American,5410,1439
2020-12-07,ef4c1c4fc937cbe5942e5d2535d36d14710c16ab,White,5049,1216
2020-12-07,ef4c1c4fc937cbe5942e5d2535d36d14710c16ab,Asian/Pacific-Islander,1466,414
2020-12-07,ef4c1c4fc937cbe5942e5d2535d36d14710c16ab,Other/Unknown,1693,333
2020-12-07,ef4c1c4fc937cbe5942e5d2535d36d14710c16ab,Data pending,0,45
2020-12-06,e3f3b1dc540d0b4b23d43ff4c2954a22effff7c4,Hispanic/Latino,6045,1267
2020-12-06,e3f3b1dc540d0b4b23d43ff4c2954a22effff7c4,Black/African-American,5407,1439
2020-12-06,e3f3b1dc540d0b4b23d43ff4c2954a22effff7c4,White,5045,1216
2020-12-06,e3f3b1dc540d0b4b23d43ff4c2954a22effff7c4,Asian/Pacific-Islander,1466,414
2020-12-06,e3f3b1dc540d0b4b23d43ff4c2954a22effff7c4,Other/Unknown,1701,333
2020-12-06,e3f3b1dc540d0b4b23d43ff4c2954a22effff7c4,Data pending,0,32
2020-12-05,6d18f8da3c91369bd3d494f0ea3a67e2b2e42731,Hispanic/Latino,6044,1267
2020-12-05,6d18f8da3c91369bd3d494f0ea3a67e2b2e42731,Black/African-American,5406,1439
2020-12-05,6d18f8da3c91369bd3d494f0ea3a67e2b2e42731,White,5037,1215
2020-12-05,6d18f8da3c91369bd3d494f0ea3a67e2b2e42731,Asian/Pacific-Islander,1465,414
2020-12-05,6d18f8da3c91369bd3d494f0ea3a67e2b2e42731,Other/Unknown,1701,333
2020-12-05,6d18f8da3c91369bd3d494f0ea3a67e2b2e42731,Data pending,0,25
2020-12-04,4fd1bbc582ea11e00895edaaf1b87cca633f75f2,Hispanic/Latino,6039,1266
2020-12-04,4fd1bbc582ea11e00895edaaf1b87cca633f75f2,Black/African-American,5401,1439
2020-12-04,4fd1bbc582ea11e00895edaaf1b87cca633f75f2,White,5027,1215
2020-12-04,4fd1bbc582ea11e00895edaaf1b87cca633f75f2,Asian/Pacific-Islander,1469,414
2020-12-04,4fd1bbc582ea11e00895edaaf1b87cca633f75f2,Other/Unknown,1692,333
2020-12-04,4fd1bbc582ea11e00895edaaf1b87cca633f75f2,Data pending,0,28
2020-12-03,08df4c528a7fb5d703438ebfef63d620b79685d5,Hispanic/Latino,6036,1266
2020-12-03,08df4c528a7fb5d703438ebfef63d620b79685d5,Black/African-American,5398,1439
2020-12-03,08df4c528a7fb5d703438ebfef63d620b79685d5,White,5020,1213
2020-12-03,08df4c528a7fb5d703438ebfef63d620b79685d5,Asian/Pacific-Islander,1467,414
2020-12-03,08df4c528a7fb5d703438ebfef63d620b79685d5,Other/Unknown,1692,334
2020-12-03,08df4c528a7fb5d703438ebfef63d620b79685d5,Data pending,0,26
2020-12-02,6c5826345d7545fa1c11c1567030b8e61076133d,Hispanic/Latino,6037,1266
2020-12-02,6c5826345d7545fa1c11c1567030b8e61076133d,Black/African-American,5394,1441
2020-12-02,6c5826345d7545fa1c11c1567030b8e61076133d,White,5019,1209
2020-12-02,6c5826345d7545fa1c11c1567030b8e61076133d,Asian/Pacific-Islander,1468,414
2020-12-02,6c5826345d7545fa1c11c1567030b8e61076133d,Other/Unknown,1685,334
2020-12-02,6c5826345d7545fa1c11c1567030b8e61076133d,Data pending,0,30
2020-12-01,e645051cb6e874a7e856f7f24fccdab3a2e4cb9e,Hispanic/Latino,6034,1264
2020-12-01,e645051cb6e874a7e856f7f24fccdab3a2e4cb9e,Black/African-American,5396,1441
2020-12-01,e645051cb6e874a7e856f7f24fccdab3a2e4cb9e,White,5014,1209
2020-12-01,e645051cb6e874a7e856f7f24fccdab3a2e4cb9e,Asian/Pacific-Islander,1468,414
2020-12-01,e645051cb6e874a7e856f7f24fccdab3a2e4cb9e,Other/Unknown,1683,334
2020-12-01,e645051cb6e874a7e856f7f24fccdab3a2e4cb9e,Data pending,0,30
2020-11-30,98897168a67257d219f6e60017fb35c182dd295a,Hispanic/Latino,6033,1264
2020-11-30,98897168a67257d219f6e60017fb35c182dd295a,Black/African-American,5396,1441
2020-11-30,98897168a67257d219f6e60017fb35c182dd295a,White,5009,1208
2020-11-30,98897168a67257d219f6e60017fb35c182dd295a,Asian/Pacific-Islander,1468,414
2020-11-30,98897168a67257d219f6e60017fb35c182dd295a,Other/Unknown,1684,334
2020-11-30,98897168a67257d219f6e60017fb35c182dd295a,Data pending,0,23
2020-11-29,4572c832b56a4ab6aed8a84b0ca12b0a59566893,Hispanic/Latino,6027,1265
2020-11-29,4572c832b56a4ab6aed8a84b0ca12b0a59566893,Black/African-American,5392,1443
2020-11-29,4572c832b56a4ab6aed8a84b0ca12b0a59566893,White,5009,1209
2020-11-29,4572c832b56a4ab6aed8a84b0ca12b0a59566893,Asian/Pacific-Islander,1469,415
2020-11-29,4572c832b56a4ab6aed8a84b0ca12b0a59566893,Other/Unknown,1684,334
2020-11-29,4572c832b56a4ab6aed8a84b0ca12b0a59566893,Data pending,0,21
2020-11-28,379c54bd8626ac6de60ee34c0b75513db0d84a0e,Hispanic/Latino,6026,1264
2020-11-28,379c54bd8626ac6de60ee34c0b75513db0d84a0e,Black/African-American,5393,1440
2020-11-28,379c54bd8626ac6de60ee34c0b75513db0d84a0e,White,5009,1208
2020-11-28,379c54bd8626ac6de60ee34c0b75513db0d84a0e,Asian/Pacific-Islander,1469,414
2020-11-28,379c54bd8626ac6de60ee34c0b75513db0d84a0e,Other/Unknown,1685,333
2020-11-28,379c54bd8626ac6de60ee34c0b75513db0d84a0e,Data pending,0,19
2020-11-27,13c4c61fcd426eb9b285f2953ce2e262c192f49f,Hispanic/Latino,6027,1265
2020-11-27,13c4c61fcd426eb9b285f2953ce2e262c192f49f,Black/African-American,5392,1440
2020-11-27,13c4c61fcd426eb9b285f2953ce2e262c192f49f,White,5005,1207
2020-11-27,13c4c61fcd426eb9b285f2953ce2e262c192f49f,Asian/Pacific-Islander,1466,414
2020-11-27,13c4c61fcd426eb9b285f2953ce2e262c192f49f,Other/Unknown,1684,333
2020-11-27,13c4c61fcd426eb9b285f2953ce2e262c192f49f,Data pending,0,22
2020-11-26,2497bdf1ab836a75e0fc432b37791628209098c7,Hispanic/Latino,6027,1265
2020-11-26,2497bdf1ab836a75e0fc432b37791628209098c7,Black/African-American,5390,1440
2020-11-26,2497bdf1ab836a75e0fc432b37791628209098c7,White,5001,1207
2020-11-26,2497bdf1ab836a75e0fc432b37791628209098c7,Asian/Pacific-Islander,1466,414
2020-11-26,2497bdf1ab836a75e0fc432b37791628209098c7,Other/Unknown,1679,333
2020-11-26,2497bdf1ab836a75e0fc432b37791628209098c7,Data pending,0,19
2020-11-25,c9c974e6a1fe24de4355cb0662c0c46f688f8f71,Hispanic/Latino,6028,1266
2020-11-25,c9c974e6a1fe24de4355cb0662c0c46f688f8f71,Black/African-American,5387,1441
2020-11-25,c9c974e6a1fe24de4355cb0662c0c46f688f8f71,White,4996,1206
2020-11-25,c9c974e6a1fe24de4355cb0662c0c46f688f8f71,Asian/Pacific-Islander,1465,414
2020-11-25,c9c974e6a1fe24de4355cb0662c0c46f688f8f71,Other/Unknown,1681,334
2020-11-25,c9c974e6a1fe24de4355cb0662c0c46f688f8f71,Data pending,0,12
2020-11-24,f51925b0f9d10110daee621ccf38fa3ee949cbd3,Hispanic/Latino,6025,1266
2020-11-24,f51925b0f9d10110daee621ccf38fa3ee949cbd3,Black/African-American,5384,1440
2020-11-24,f51925b0f9d10110daee621ccf38fa3ee949cbd3,White,4993,1205
2020-11-24,f51925b0f9d10110daee621ccf38fa3ee949cbd3,Asian/Pacific-Islander,1463,414
2020-11-24,f51925b0f9d10110daee621ccf38fa3ee949cbd3,Other/Unknown,1684,334
2020-11-24,f51925b0f9d10110daee621ccf38fa3ee949cbd3,Data pending,0,12
2020-11-23,b9f76179d845efc938154901a42e29f7f5a9cf7c,Hispanic/Latino,6022,1267
2020-11-23,b9f76179d845efc938154901a42e29f7f5a9cf7c,Black/African-American,5389,1440
2020-11-23,b9f76179d845efc938154901a42e29f7f5a9cf7c,White,4993,1205
2020-11-23,b9f76179d845efc938154901a42e29f7f5a9cf7c,Asian/Pacific-Islander,1460,414
2020-11-23,b9f76179d845efc938154901a42e29f7f5a9cf7c,Other/Unknown,1680,335
2020-11-23,b9f76179d845efc938154901a42e29f7f5a9cf7c,Data pending,0,13
2020-11-22,a0294db54c03f475f8d5d9f28994d28c6e21ddd0,Hispanic/Latino,6020,1265
2020-11-22,a0294db54c03f475f8d5d9f28994d28c6e21ddd0,Black/African-American,5388,1440
2020-11-22,a0294db54c03f475f8d5d9f28994d28c6e21ddd0,White,4988,1203
2020-11-22,a0294db54c03f475f8d5d9f28994d28c6e21ddd0,Asian/Pacific-Islander,1460,414
2020-11-22,a0294db54c03f475f8d5d9f28994d28c6e21ddd0,Other/Unknown,1681,335
2020-11-22,a0294db54c03f475f8d5d9f28994d28c6e21ddd0,Data pending,0,12
2020-11-21,328c93227ea6da6fc1b8c49accb8326bde02fcac,Hispanic/Latino,6018,1266
2020-11-21,328c93227ea6da6fc1b8c49accb8326bde02fcac,Black/African-American,5386,1440
2020-11-21,328c93227ea6da6fc1b8c49accb8326bde02fcac,White,4986,1203
2020-11-21,328c93227ea6da6fc1b8c49accb8326bde02fcac,Asian/Pacific-Islander,1459,414
2020-11-21,328c93227ea6da6fc1b8c49accb8326bde02fcac,Other/Unknown,1679,336
2020-11-21,328c93227ea6da6fc1b8c49accb8326bde02fcac,Data pending,0,15
2020-11-20,dc7489fa7e34ea6f3eb1961cc6b7fda85a20803a,Hispanic/Latino,6014,1266
2020-11-20,dc7489fa7e34ea6f3eb1961cc6b7fda85a20803a,Black/African-American,5386,1440
2020-11-20,dc7489fa7e34ea6f3eb1961cc6b7fda85a20803a,White,4979,1203
2020-11-20,dc7489fa7e34ea6f3eb1961cc6b7fda85a20803a,Asian/Pacific-Islander,1459,414
2020-11-20,dc7489fa7e34ea6f3eb1961cc6b7fda85a20803a,Other/Unknown,1679,335
2020-11-20,dc7489fa7e34ea6f3eb1961cc6b7fda85a20803a,Data pending,0,13
2020-11-19,4459cf48a411e57a499900d9a67dd177e38dc622,Hispanic/Latino,6007,1263
2020-11-19,4459cf48a411e57a499900d9a67dd177e38dc622,Black/African-American,5383,1436
2020-11-19,4459cf48a411e57a499900d9a67dd177e38dc622,White,4972,1202
2020-11-19,4459cf48a411e57a499900d9a67dd177e38dc622,Asian/Pacific-Islander,1458,413
2020-11-19,4459cf48a411e57a499900d9a67dd177e38dc622,Other/Unknown,1685,333
2020-11-19,4459cf48a411e57a499900d9a67dd177e38dc622,Data pending,0,15
2020-11-18,9d4dc17a508b271804ca7ecea2aaca2f77b2493a,Hispanic/Latino,6006,1265
2020-11-18,9d4dc17a508b271804ca7ecea2aaca2f77b2493a,Black/African-American,5376,1439
2020-11-18,9d4dc17a508b271804ca7ecea2aaca2f77b2493a,White,4967,1204
2020-11-18,9d4dc17a508b271804ca7ecea2aaca2f77b2493a,Asian/Pacific-Islander,1455,414
2020-11-18,9d4dc17a508b271804ca7ecea2aaca2f77b2493a,Other/Unknown,1675,334
2020-11-18,9d4dc17a508b271804ca7ecea2aaca2f77b2493a,Data pending,0,14
2020-11-17,4b503214d87c8e261d67ed9adfed725b9650c4ea,Hispanic/Latino,6003,1265
2020-11-17,4b503214d87c8e261d67ed9adfed725b9650c4ea,Black/African-American,5375,1439
2020-11-17,4b503214d87c8e261d67ed9adfed725b9650c4ea,White,4959,1207
2020-11-17,4b503214d87c8e261d67ed9adfed725b9650c4ea,Asian/Pacific-Islander,1452,415
2020-11-17,4b503214d87c8e261d67ed9adfed725b9650c4ea,Other/Unknown,1675,334
2020-11-17,4b503214d87c8e261d67ed9adfed725b9650c4ea,Data pending,0,22
2020-11-16,46baead9afb0ea58fbf5a6f9d7435096a557c514,Hispanic/Latino,6003,1265
2020-11-16,46baead9afb0ea58fbf5a6f9d7435096a557c514,Black/African-American,5374,1439
2020-11-16,46baead9afb0ea58fbf5a6f9d7435096a557c514,White,4955,1207
2020-11-16,46baead9afb0ea58fbf5a6f9d7435096a557c514,Asian/Pacific-Islander,1452,415
2020-11-16,46baead9afb0ea58fbf5a6f9d7435096a557c514,Other/Unknown,1676,334
2020-11-16,46baead9afb0ea58fbf5a6f9d7435096a557c514,Data pending,0,16
2020-11-15,59c8b22dc9e5f1decda251cca8b70e8492ec218c,Hispanic/Latino,6004,1265
2020-11-15,59c8b22dc9e5f1decda251cca8b70e8492ec218c,Black/African-American,5371,1438
2020-11-15,59c8b22dc9e5f1decda251cca8b70e8492ec218c,White,4954,1207
2020-11-15,59c8b22dc9e5f1decda251cca8b70e8492ec218c,Asian/Pacific-Islander,1452,415
2020-11-15,59c8b22dc9e5f1decda251cca8b70e8492ec218c,Other/Unknown,1675,334
2020-11-15,59c8b22dc9e5f1decda251cca8b70e8492ec218c,Data pending,0,9
2020-11-14,5871e80ba96a51c784224cac2ee3199b613ce722,Hispanic/Latino,6001,1265
2020-11-14,5871e80ba96a51c784224cac2ee3199b613ce722,Black/African-American,5366,1438
2020-11-14,5871e80ba96a51c784224cac2ee3199b613ce722,White,4951,1207
2020-11-14,5871e80ba96a51c784224cac2ee3199b613ce722,Asian/Pacific-Islander,1452,415
2020-11-14,5871e80ba96a51c784224cac2ee3199b613ce722,Other/Unknown,1675,335
2020-11-14,5871e80ba96a51c784224cac2ee3199b613ce722,Data pending,0,13
2020-11-13,3592d537fdf4d69968821501ff96250a60413939,Hispanic/Latino,5998,1267
2020-11-13,3592d537fdf4d69968821501ff96250a60413939,Black/African-American,5365,1437
2020-11-13,3592d537fdf4d69968821501ff96250a60413939,White,4949,1206
2020-11-13,3592d537fdf4d69968821501ff96250a60413939,Asian/Pacific-Islander,1449,416
2020-11-13,3592d537fdf4d69968821501ff96250a60413939,Other/Unknown,1670,335
2020-11-13,3592d537fdf4d69968821501ff96250a60413939,Data pending,0,16
2020-11-12,207843ea98bcbf3b576e3ca35b146112e384aeb5,Hispanic/Latino,5995,1266
2020-11-12,207843ea98bcbf3b576e3ca35b146112e384aeb5,Black/African-American,5364,1437
2020-11-12,207843ea98bcbf3b576e3ca35b146112e384aeb5,White,4947,1205
2020-11-12,207843ea98bcbf3b576e3ca35b146112e384aeb5,Asian/Pacific-Islander,1448,415
2020-11-12,207843ea98bcbf3b576e3ca35b146112e384aeb5,Other/Unknown,1675,334
2020-11-12,207843ea98bcbf3b576e3ca35b146112e384aeb5,Data pending,0,13
2020-11-11,540d4f54e1da28200ac5528dce7011f21182261b,Hispanic/Latino,5994,1265
2020-11-11,540d4f54e1da28200ac5528dce7011f21182261b,Black/African-American,5364,1436
2020-11-11,540d4f54e1da28200ac5528dce7011f21182261b,White,4946,1205
2020-11-11,540d4f54e1da28200ac5528dce7011f21182261b,Asian/Pacific-Islander,1448,415
2020-11-11,540d4f54e1da28200ac5528dce7011f21182261b,Other/Unknown,1675,334
2020-11-11,540d4f54e1da28200ac5528dce7011f21182261b,Data pending,0,14
2020-11-10,4fbd5d7e64384c3fef1d7a51b3d328a31b2aa858,Hispanic/Latino,5993,1263
2020-11-10,4fbd5d7e64384c3fef1d7a51b3d328a31b2aa858,Black/African-American,5363,1436
2020-11-10,4fbd5d7e64384c3fef1d7a51b3d328a31b2aa858,White,4945,1205
2020-11-10,4fbd5d7e64384c3fef1d7a51b3d328a31b2aa858,Asian/Pacific-Islander,1444,414
2020-11-10,4fbd5d7e64384c3fef1d7a51b3d328a31b2aa858,Other/Unknown,1674,334
2020-11-10,4fbd5d7e64384c3fef1d7a51b3d328a31b2aa858,Data pending,0,16
2020-11-09,b671e0ed09b458f148110ad0d71479cf62580ea4,Hispanic/Latino,5994,1263
2020-11-09,b671e0ed09b458f148110ad0d71479cf62580ea4,Black/African-American,5365,1436
2020-11-09,b671e0ed09b458f148110ad0d71479cf62580ea4,White,4942,1203
2020-11-09,b671e0ed09b458f148110ad0d71479cf62580ea4,Asian/Pacific-Islander,1442,414
2020-11-09,b671e0ed09b458f148110ad0d71479cf62580ea4,Other/Unknown,1673,334
2020-11-09,b671e0ed09b458f148110ad0d71479cf62580ea4,Data pending,0,19
2020-11-09,700a357f272b309fd8841b5e7dc4f4a53bb116ff,Hispanic/Latino,5994,1263
2020-11-09,700a357f272b309fd8841b5e7dc4f4a53bb116ff,Black/African-American,5365,1436
2020-11-09,700a357f272b309fd8841b5e7dc4f4a53bb116ff,White,4942,1203
2020-11-09,700a357f272b309fd8841b5e7dc4f4a53bb116ff,Asian/Pacific-Islander,1442,414
2020-11-09,700a357f272b309fd8841b5e7dc4f4a53bb116ff,Other/Unknown,1672,334
2020-11-09,700a357f272b309fd8841b5e7dc4f4a53bb116ff,Data pending,0,19
2020-11-08,5fa26a89ff253abad5478085bfa69afe480ba206,Hispanic/Latino,5995,1263
2020-11-08,5fa26a89ff253abad5478085bfa69afe480ba206,Black/African-American,5364,1436
2020-11-08,5fa26a89ff253abad5478085bfa69afe480ba206,White,4938,1203
2020-11-08,5fa26a89ff253abad5478085bfa69afe480ba206,Asian/Pacific-Islander,1441,413
2020-11-08,5fa26a89ff253abad5478085bfa69afe480ba206,Other/Unknown,1672,334
2020-11-08,5fa26a89ff253abad5478085bfa69afe480ba206,Data pending,0,15
2020-11-07,040df3dc03671516975c9b3d662130bcae07b3d4,Hispanic/Latino,5993,1263
2020-11-07,040df3dc03671516975c9b3d662130bcae07b3d4,Black/African-American,5361,1435
2020-11-07,040df3dc03671516975c9b3d662130bcae07b3d4,White,4934,1202
2020-11-07,040df3dc03671516975c9b3d662130bcae07b3d4,Asian/Pacific-Islander,1439,413
2020-11-07,040df3dc03671516975c9b3d662130bcae07b3d4,Other/Unknown,1671,334
2020-11-07,040df3dc03671516975c9b3d662130bcae07b3d4,Data pending,0,15
2020-11-06,1674319313641471abf3cc8d8d72bd916720c656,Hispanic/Latino,5991,1264
2020-11-06,1674319313641471abf3cc8d8d72bd916720c656,Black/African-American,5363,1435
2020-11-06,1674319313641471abf3cc8d8d72bd916720c656,White,4934,1202
2020-11-06,1674319313641471abf3cc8d8d72bd916720c656,Asian/Pacific-Islander,1440,413
2020-11-06,1674319313641471abf3cc8d8d72bd916720c656,Other/Unknown,1664,334
2020-11-06,1674319313641471abf3cc8d8d72bd916720c656,Data pending,0,14
2020-11-05,4c42e8e547e3067cc50d2456eaaaaf2bc30b851c,Hispanic/Latino,5987,1264
2020-11-05,4c42e8e547e3067cc50d2456eaaaaf2bc30b851c,Black/African-American,5364,1435
2020-11-05,4c42e8e547e3067cc50d2456eaaaaf2bc30b851c,White,4931,1201
2020-11-05,4c42e8e547e3067cc50d2456eaaaaf2bc30b851c,Asian/Pacific-Islander,1440,413
2020-11-05,4c42e8e547e3067cc50d2456eaaaaf2bc30b851c,Other/Unknown,1662,334
2020-11-05,4c42e8e547e3067cc50d2456eaaaaf2bc30b851c,Data pending,0,16
2020-11-04,bb150d5ed4b9e00ddca371ea12e198c6c03f8b18,Hispanic/Latino,5985,1264
2020-11-04,bb150d5ed4b9e00ddca371ea12e198c6c03f8b18,Black/African-American,5364,1435
2020-11-04,bb150d5ed4b9e00ddca371ea12e198c6c03f8b18,White,4927,1202
2020-11-04,bb150d5ed4b9e00ddca371ea12e198c6c03f8b18,Asian/Pacific-Islander,1439,413
2020-11-04,bb150d5ed4b9e00ddca371ea12e198c6c03f8b18,Other/Unknown,1661,333
2020-11-04,bb150d5ed4b9e00ddca371ea12e198c6c03f8b18,Data pending,0,11
2020-11-03,8bf92953f66af6f164a38e5495a565df5c33e52b,Hispanic/Latino,5984,1264
2020-11-03,8bf92953f66af6f164a38e5495a565df5c33e52b,Black/African-American,5359,1437
2020-11-03,8bf92953f66af6f164a38e5495a565df5c33e52b,White,4923,1202
2020-11-03,8bf92953f66af6f164a38e5495a565df5c33e52b,Asian/Pacific-Islander,1439,413
2020-11-03,8bf92953f66af6f164a38e5495a565df5c33e52b,Other/Unknown,1658,333
2020-11-03,8bf92953f66af6f164a38e5495a565df5c33e52b,Data pending,0,9
2020-11-02,e6e787c50b3740f3027aa73f61f50862c6e256b4,Hispanic/Latino,5983,1265
2020-11-02,e6e787c50b3740f3027aa73f61f50862c6e256b4,Black/African-American,5358,1437
2020-11-02,e6e787c50b3740f3027aa73f61f50862c6e256b4,White,4920,1204
2020-11-02,e6e787c50b3740f3027aa73f61f50862c6e256b4,Asian/Pacific-Islander,1438,413
2020-11-02,e6e787c50b3740f3027aa73f61f50862c6e256b4,Other/Unknown,1656,334
2020-11-02,e6e787c50b3740f3027aa73f61f50862c6e256b4,Data pending,0,9
2020-11-01,9cffb4349df55897ea759605763ba370e348a2bd,Hispanic/Latino,5981,1265
2020-11-01,9cffb4349df55897ea759605763ba370e348a2bd,Black/African-American,5358,1437
2020-11-01,9cffb4349df55897ea759605763ba370e348a2bd,White,4916,1204
2020-11-01,9cffb4349df55897ea759605763ba370e348a2bd,Asian/Pacific-Islander,1438,413
2020-11-01,9cffb4349df55897ea759605763ba370e348a2bd,Other/Unknown,1657,334
2020-11-01,9cffb4349df55897ea759605763ba370e348a2bd,Data pending,0,10
2020-10-31,260d473f65340c97bcb090a53a7ab26b2b4f8109,Hispanic/Latino,5979,1265
2020-10-31,260d473f65340c97bcb090a53a7ab26b2b4f8109,Black/African-American,5356,1436
2020-10-31,260d473f65340c97bcb090a53a7ab26b2b4f8109,White,4911,1204
2020-10-31,260d473f65340c97bcb090a53a7ab26b2b4f8109,Asian/Pacific-Islander,1438,413
2020-10-31,260d473f65340c97bcb090a53a7ab26b2b4f8109,Other/Unknown,1658,334
2020-10-31,260d473f65340c97bcb090a53a7ab26b2b4f8109,Data pending,0,7
2020-10-30,7f4867ca1e415de9f6ee250cff2302638672cea3,Hispanic/Latino,5977,1264
2020-10-30,7f4867ca1e415de9f6ee250cff2302638672cea3,Black/African-American,5356,1435
2020-10-30,7f4867ca1e415de9f6ee250cff2302638672cea3,White,4910,1205
2020-10-30,7f4867ca1e415de9f6ee250cff2302638672cea3,Asian/Pacific-Islander,1438,413
2020-10-30,7f4867ca1e415de9f6ee250cff2302638672cea3,Other/Unknown,1659,333
2020-10-30,7f4867ca1e415de9f6ee250cff2302638672cea3,Data pending,0,6
2020-10-29,128daa167ef810e2a4ec12be7bee9cb97ab49ae1,Hispanic/Latino,5977,1265
2020-10-29,128daa167ef810e2a4ec12be7bee9cb97ab49ae1,Black/African-American,5353,1435
2020-10-29,128daa167ef810e2a4ec12be7bee9cb97ab49ae1,White,4911,1201
2020-10-29,128daa167ef810e2a4ec12be7bee9cb97ab49ae1,Asian/Pacific-Islander,1438,413
2020-10-29,128daa167ef810e2a4ec12be7bee9cb97ab49ae1,Other/Unknown,1657,333
2020-10-29,128daa167ef810e2a4ec12be7bee9cb97ab49ae1,Data pending,0,6
2020-10-28,256d8119624491ec865973945c3628b771ccedec,Hispanic/Latino,5973,1265
2020-10-28,256d8119624491ec865973945c3628b771ccedec,Black/African-American,5350,1435
2020-10-28,256d8119624491ec865973945c3628b771ccedec,White,4911,1201
2020-10-28,256d8119624491ec865973945c3628b771ccedec,Asian/Pacific-Islander,1437,413
2020-10-28,256d8119624491ec865973945c3628b771ccedec,Other/Unknown,1654,333
2020-10-28,256d8119624491ec865973945c3628b771ccedec,Data pending,0,8
2020-10-27,715d0f33663cb2c94b099f76dac7d23b6f3edb31,Hispanic/Latino,5972,1264
2020-10-27,715d0f33663cb2c94b099f76dac7d23b6f3edb31,Black/African-American,5349,1435
2020-10-27,715d0f33663cb2c94b099f76dac7d23b6f3edb31,White,4910,1201
2020-10-27,715d0f33663cb2c94b099f76dac7d23b6f3edb31,Asian/Pacific-Islander,1435,414
2020-10-27,715d0f33663cb2c94b099f76dac7d23b6f3edb31,Other/Unknown,1655,333
2020-10-27,715d0f33663cb2c94b099f76dac7d23b6f3edb31,Data pending,0,10
2020-10-26,28f0281a3aded96b8f20b7a04666f07824fc751f,Hispanic/Latino,5970,1264
2020-10-26,28f0281a3aded96b8f20b7a04666f07824fc751f,Black/African-American,5348,1435
2020-10-26,28f0281a3aded96b8f20b7a04666f07824fc751f,White,4909,1201
2020-10-26,28f0281a3aded96b8f20b7a04666f07824fc751f,Asian/Pacific-Islander,1435,413
2020-10-26,28f0281a3aded96b8f20b7a04666f07824fc751f,Other/Unknown,1653,333
2020-10-26,28f0281a3aded96b8f20b7a04666f07824fc751f,Data pending,0,8
2020-10-25,c307db50ac76fe8741eac9d5e3cd9a50fb3fc769,Hispanic/Latino,5971,1264
2020-10-25,c307db50ac76fe8741eac9d5e3cd9a50fb3fc769,Black/African-American,5348,1434
2020-10-25,c307db50ac76fe8741eac9d5e3cd9a50fb3fc769,White,4908,1199
2020-10-25,c307db50ac76fe8741eac9d5e3cd9a50fb3fc769,Asian/Pacific-Islander,1435,413
2020-10-25,c307db50ac76fe8741eac9d5e3cd9a50fb3fc769,Other/Unknown,1652,333
2020-10-25,c307db50ac76fe8741eac9d5e3cd9a50fb3fc769,Data pending,0,10
2020-10-24,c0d25ca1d7b10ecdec0d06e68fed0594fbc56ffd,Hispanic/Latino,5968,1264
2020-10-24,c0d25ca1d7b10ecdec0d06e68fed0594fbc56ffd,Black/African-American,5375,1434
2020-10-24,c0d25ca1d7b10ecdec0d06e68fed0594fbc56ffd,White,4913,1199
2020-10-24,c0d25ca1d7b10ecdec0d06e68fed0594fbc56ffd,Asian/Pacific-Islander,1447,413
2020-10-24,c0d25ca1d7b10ecdec0d06e68fed0594fbc56ffd,Other/Unknown,1608,333
2020-10-24,c0d25ca1d7b10ecdec0d06e68fed0594fbc56ffd,Data pending,0,9
2020-10-23,ce09ccd13b8ed2f4d48720bacf91be69faec0650,Hispanic/Latino,5966,1266
2020-10-23,ce09ccd13b8ed2f4d48720bacf91be69faec0650,Black/African-American,5375,1434
2020-10-23,ce09ccd13b8ed2f4d48720bacf91be69faec0650,White,4912,1199
2020-10-23,ce09ccd13b8ed2f4d48720bacf91be69faec0650,Asian/Pacific-Islander,1447,413
2020-10-23,ce09ccd13b8ed2f4d48720bacf91be69faec0650,Other/Unknown,1608,333
2020-10-23,ce09ccd13b8ed2f4d48720bacf91be69faec0650,Data pending,0,10
2020-10-22,42779da0df67f57afe1fce693968dbd69ab07599,Hispanic/Latino,5967,1264
2020-10-22,42779da0df67f57afe1fce693968dbd69ab07599,Black/African-American,5371,1435
2020-10-22,42779da0df67f57afe1fce693968dbd69ab07599,White,4908,1199
2020-10-22,42779da0df67f57afe1fce693968dbd69ab07599,Asian/Pacific-Islander,1447,413
2020-10-22,42779da0df67f57afe1fce693968dbd69ab07599,Other/Unknown,1606,333
2020-10-22,42779da0df67f57afe1fce693968dbd69ab07599,Data pending,0,12
2020-10-21,85af947d26dfe87426f9affb4a214a6b17ec8179,Hispanic/Latino,5966,1264
2020-10-21,85af947d26dfe87426f9affb4a214a6b17ec8179,Black/African-American,5370,1434
2020-10-21,85af947d26dfe87426f9affb4a214a6b17ec8179,White,4905,1199
2020-10-21,85af947d26dfe87426f9affb4a214a6b17ec8179,Asian/Pacific-Islander,1447,413
2020-10-21,85af947d26dfe87426f9affb4a214a6b17ec8179,Other/Unknown,1606,333
2020-10-21,85af947d26dfe87426f9affb4a214a6b17ec8179,Data pending,0,12
2020-10-20,d9e1abb1fd060be6da7c15a9da8fbc48d6996115,Hispanic/Latino,5967,1263
2020-10-20,d9e1abb1fd060be6da7c15a9da8fbc48d6996115,Black/African-American,5369,1435
2020-10-20,d9e1abb1fd060be6da7c15a9da8fbc48d6996115,White,4904,1200
2020-10-20,d9e1abb1fd060be6da7c15a9da8fbc48d6996115,Asian/Pacific-Islander,1447,412
2020-10-20,d9e1abb1fd060be6da7c15a9da8fbc48d6996115,Other/Unknown,1605,333
2020-10-20,d9e1abb1fd060be6da7c15a9da8fbc48d6996115,Data pending,0,9
2020-10-19,31539b5ed620dcc89221a9e04d1c6e750e97190e,Hispanic/Latino,5967,1263
2020-10-19,31539b5ed620dcc89221a9e04d1c6e750e97190e,Black/African-American,5369,1434
2020-10-19,31539b5ed620dcc89221a9e04d1c6e750e97190e,White,4903,1199
2020-10-19,31539b5ed620dcc89221a9e04d1c6e750e97190e,Asian/Pacific-Islander,1447,412
2020-10-19,31539b5ed620dcc89221a9e04d1c6e750e97190e,Other/Unknown,1606,333
2020-10-19,31539b5ed620dcc89221a9e04d1c6e750e97190e,Data pending,0,11
2020-10-18,3d0dbcbb2182b4e58947dc21c02d9d14227df351,Hispanic/Latino,5964,1263
2020-10-18,3d0dbcbb2182b4e58947dc21c02d9d14227df351,Black/African-American,5366,1435
2020-10-18,3d0dbcbb2182b4e58947dc21c02d9d14227df351,White,4900,1199
2020-10-18,3d0dbcbb2182b4e58947dc21c02d9d14227df351,Asian/Pacific-Islander,1447,412
2020-10-18,3d0dbcbb2182b4e58947dc21c02d9d14227df351,Other/Unknown,1607,333
2020-10-18,3d0dbcbb2182b4e58947dc21c02d9d14227df351,Data pending,0,9
2020-10-17,fc1dd3f016af243445aecc59b36ac7f52f7b9077,Hispanic/Latino,5964,1263
2020-10-17,fc1dd3f016af243445aecc59b36ac7f52f7b9077,Black/African-American,5363,1434
2020-10-17,fc1dd3f016af243445aecc59b36ac7f52f7b9077,White,4895,1198
2020-10-17,fc1dd3f016af243445aecc59b36ac7f52f7b9077,Asian/Pacific-Islander,1447,412
2020-10-17,fc1dd3f016af243445aecc59b36ac7f52f7b9077,Other/Unknown,1605,333
2020-10-17,fc1dd3f016af243445aecc59b36ac7f52f7b9077,Data pending,0,11
2020-10-16,952ff161e01c941c13e075b6fe716078f8bb0326,Hispanic/Latino,5961,1263
2020-10-16,952ff161e01c941c13e075b6fe716078f8bb0326,Black/African-American,5362,1434
2020-10-16,952ff161e01c941c13e075b6fe716078f8bb0326,White,4895,1198
2020-10-16,952ff161e01c941c13e075b6fe716078f8bb0326,Asian/Pacific-Islander,1447,412
2020-10-16,952ff161e01c941c13e075b6fe716078f8bb0326,Other/Unknown,1603,333
2020-10-16,952ff161e01c941c13e075b6fe716078f8bb0326,Data pending,0,7
2020-10-15,15b0c0dba6d4710eae049856d00102ef26885513,Hispanic/Latino,5952,1263
2020-10-15,15b0c0dba6d4710eae049856d00102ef26885513,Black/African-American,5360,1432
2020-10-15,15b0c0dba6d4710eae049856d00102ef26885513,White,4895,1200
2020-10-15,15b0c0dba6d4710eae049856d00102ef26885513,Asian/Pacific-Islander,1447,412
2020-10-15,15b0c0dba6d4710eae049856d00102ef26885513,Other/Unknown,1610,334
2020-10-15,15b0c0dba6d4710eae049856d00102ef26885513,Data pending,0,10
2020-10-14,5c45ef10df8f0709e7c06c510293e3718afdd018,Hispanic/Latino,5950,1263
2020-10-14,5c45ef10df8f0709e7c06c510293e3718afdd018,Black/African-American,5357,1431
2020-10-14,5c45ef10df8f0709e7c06c510293e3718afdd018,White,4894,1197
2020-10-14,5c45ef10df8f0709e7c06c510293e3718afdd018,Asian/Pacific-Islander,1447,412
2020-10-14,5c45ef10df8f0709e7c06c510293e3718afdd018,Other/Unknown,1610,333
2020-10-14,5c45ef10df8f0709e7c06c510293e3718afdd018,Data pending,0,11
2020-10-13,fef6e6109ad6e9d22626c79f1037cff7b9af2993,Hispanic/Latino,5948,1263
2020-10-13,fef6e6109ad6e9d22626c79f1037cff7b9af2993,Black/African-American,5355,1431
2020-10-13,fef6e6109ad6e9d22626c79f1037cff7b9af2993,White,4892,1197
2020-10-13,fef6e6109ad6e9d22626c79f1037cff7b9af2993,Asian/Pacific-Islander,1447,412
2020-10-13,fef6e6109ad6e9d22626c79f1037cff7b9af2993,Other/Unknown,1609,333
2020-10-13,fef6e6109ad6e9d22626c79f1037cff7b9af2993,Data pending,0,8
2020-10-12,97fe004bda175b5a0dc8ac6fcac6c31a3c2c8131,Hispanic/Latino,5946,1263
2020-10-12,97fe004bda175b5a0dc8ac6fcac6c31a3c2c8131,Black/African-American,5354,1431
2020-10-12,97fe004bda175b5a0dc8ac6fcac6c31a3c2c8131,White,4889,1197
2020-10-12,97fe004bda175b5a0dc8ac6fcac6c31a3c2c8131,Asian/Pacific-Islander,1447,412
2020-10-12,97fe004bda175b5a0dc8ac6fcac6c31a3c2c8131,Other/Unknown,1608,333
2020-10-12,97fe004bda175b5a0dc8ac6fcac6c31a3c2c8131,Data pending,0,10
2020-10-11,462d1599f97c247d9e574d1e12ba5e504672176a,Hispanic/Latino,5946,1263
2020-10-11,462d1599f97c247d9e574d1e12ba5e504672176a,Black/African-American,5352,1431
2020-10-11,462d1599f97c247d9e574d1e12ba5e504672176a,White,4887,1197
2020-10-11,462d1599f97c247d9e574d1e12ba5e504672176a,Asian/Pacific-Islander,1447,412
2020-10-11,462d1599f97c247d9e574d1e12ba5e504672176a,Other/Unknown,1608,333
2020-10-11,462d1599f97c247d9e574d1e12ba5e504672176a,Data pending,0,7
2020-10-10,cb99a5b4dbf908e7d6d401b598360699a0b9fd05,Hispanic/Latino,5946,1263
2020-10-10,cb99a5b4dbf908e7d6d401b598360699a0b9fd05,Black/African-American,5352,1429
2020-10-10,cb99a5b4dbf908e7d6d401b598360699a0b9fd05,White,4884,1196
2020-10-10,cb99a5b4dbf908e7d6d401b598360699a0b9fd05,Asian/Pacific-Islander,1447,412
2020-10-10,cb99a5b4dbf908e7d6d401b598360699a0b9fd05,Other/Unknown,1610,333
2020-10-10,cb99a5b4dbf908e7d6d401b598360699a0b9fd05,Data pending,0,10
2020-10-09,e03b1d4d88c882f506181662f4f72ff955ae2f6c,Hispanic/Latino,5946,1263
2020-10-09,e03b1d4d88c882f506181662f4f72ff955ae2f6c,Black/African-American,5352,1429
2020-10-09,e03b1d4d88c882f506181662f4f72ff955ae2f6c,White,4883,1195
2020-10-09,e03b1d4d88c882f506181662f4f72ff955ae2f6c,Asian/Pacific-Islander,1447,413
2020-10-09,e03b1d4d88c882f506181662f4f72ff955ae2f6c,Other/Unknown,1609,333
2020-10-09,e03b1d4d88c882f506181662f4f72ff955ae2f6c,Data pending,0,9
2020-10-08,313706916b3e2c7566b7daab1673be4f0298e5ee,Hispanic/Latino,5945,1264
2020-10-08,313706916b3e2c7566b7daab1673be4f0298e5ee,Black/African-American,5351,1429
2020-10-08,313706916b3e2c7566b7daab1673be4f0298e5ee,White,4882,1195
2020-10-08,313706916b3e2c7566b7daab1673be4f0298e5ee,Asian/Pacific-Islander,1447,412
2020-10-08,313706916b3e2c7566b7daab1673be4f0298e5ee,Other/Unknown,1608,333
2020-10-08,313706916b3e2c7566b7daab1673be4f0298e5ee,Data pending,0,8
2020-10-07,ec50d88a376b2ab345ee9bd9b28d8a5e05dd8a95,Hispanic/Latino,5943,1264
2020-10-07,ec50d88a376b2ab345ee9bd9b28d8a5e05dd8a95,Black/African-American,5350,1429
2020-10-07,ec50d88a376b2ab345ee9bd9b28d8a5e05dd8a95,White,4881,1194
2020-10-07,ec50d88a376b2ab345ee9bd9b28d8a5e05dd8a95,Asian/Pacific-Islander,1446,412
2020-10-07,ec50d88a376b2ab345ee9bd9b28d8a5e05dd8a95,Other/Unknown,1611,333
2020-10-07,ec50d88a376b2ab345ee9bd9b28d8a5e05dd8a95,Data pending,0,10
2020-10-06,40fc9f45101c0bc5043d2fa214ae84ba1e12ecca,Hispanic/Latino,5938,1265
2020-10-06,40fc9f45101c0bc5043d2fa214ae84ba1e12ecca,Black/African-American,5349,1429
2020-10-06,40fc9f45101c0bc5043d2fa214ae84ba1e12ecca,White,4878,1193
2020-10-06,40fc9f45101c0bc5043d2fa214ae84ba1e12ecca,Asian/Pacific-Islander,1446,411
2020-10-06,40fc9f45101c0bc5043d2fa214ae84ba1e12ecca,Other/Unknown,1609,332
2020-10-06,40fc9f45101c0bc5043d2fa214ae84ba1e12ecca,Data pending,0,16
2020-10-05,c7bdbd3a623810bd355fef8881df39a6f84449a9,Hispanic/Latino,5938,1264
2020-10-05,c7bdbd3a623810bd355fef8881df39a6f84449a9,Black/African-American,5347,1429
2020-10-05,c7bdbd3a623810bd355fef8881df39a6f84449a9,White,4875,1193
2020-10-05,c7bdbd3a623810bd355fef8881df39a6f84449a9,Asian/Pacific-Islander,1447,411
2020-10-05,c7bdbd3a623810bd355fef8881df39a6f84449a9,Other/Unknown,1609,332
2020-10-05,c7bdbd3a623810bd355fef8881df39a6f84449a9,Data pending,0,16
2020-10-04,341ad71b60557d146749b6354824b16289d11d6d,Hispanic/Latino,5937,1263
2020-10-04,341ad71b60557d146749b6354824b16289d11d6d,Black/African-American,5346,1429
2020-10-04,341ad71b60557d146749b6354824b16289d11d6d,White,4875,1193
2020-10-04,341ad71b60557d146749b6354824b16289d11d6d,Asian/Pacific-Islander,1447,411
2020-10-04,341ad71b60557d146749b6354824b16289d11d6d,Other/Unknown,1606,332
2020-10-04,341ad71b60557d146749b6354824b16289d11d6d,Data pending,0,13
2020-10-03,1f17e81a3bf0cbb211c7fe298ceaa653919cb6a2,Hispanic/Latino,5934,1263
2020-10-03,1f17e81a3bf0cbb211c7fe298ceaa653919cb6a2,Black/African-American,5343,1429
2020-10-03,1f17e81a3bf0cbb211c7fe298ceaa653919cb6a2,White,4876,1192
2020-10-03,1f17e81a3bf0cbb211c7fe298ceaa653919cb6a2,Asian/Pacific-Islander,1445,411
2020-10-03,1f17e81a3bf0cbb211c7fe298ceaa653919cb6a2,Other/Unknown,1609,332
2020-10-03,1f17e81a3bf0cbb211c7fe298ceaa653919cb6a2,Data pending,0,10
2020-10-02,63fda4e22b578916ad272d1b0e29dfe9e0cdb83f,Hispanic/Latino,5934,1263
2020-10-02,63fda4e22b578916ad272d1b0e29dfe9e0cdb83f,Black/African-American,5345,1429
2020-10-02,63fda4e22b578916ad272d1b0e29dfe9e0cdb83f,White,4875,1191
2020-10-02,63fda4e22b578916ad272d1b0e29dfe9e0cdb83f,Asian/Pacific-Islander,1446,412
2020-10-02,63fda4e22b578916ad272d1b0e29dfe9e0cdb83f,Other/Unknown,1606,333
2020-10-02,63fda4e22b578916ad272d1b0e29dfe9e0cdb83f,Data pending,0,12
2020-10-01,697dcb6c9bd3531b3838a733bfb26aeb97538224,Hispanic/Latino,5926,1262
2020-10-01,697dcb6c9bd3531b3838a733bfb26aeb97538224,Black/African-American,5344,1428
2020-10-01,697dcb6c9bd3531b3838a733bfb26aeb97538224,White,4877,1191
2020-10-01,697dcb6c9bd3531b3838a733bfb26aeb97538224,Asian/Pacific-Islander,1443,412
2020-10-01,697dcb6c9bd3531b3838a733bfb26aeb97538224,Other/Unknown,1602,333
2020-10-01,697dcb6c9bd3531b3838a733bfb26aeb97538224,Data pending,0,11
2020-09-30,8cf8f106c71f9be9bb457fac71ff573939daded4,Hispanic/Latino,5919,1261
2020-09-30,8cf8f106c71f9be9bb457fac71ff573939daded4,Black/African-American,5345,1428
2020-09-30,8cf8f106c71f9be9bb457fac71ff573939daded4,White,4877,1191
2020-09-30,8cf8f106c71f9be9bb457fac71ff573939daded4,Asian/Pacific-Islander,1445,411
2020-09-30,8cf8f106c71f9be9bb457fac71ff573939daded4,Other/Unknown,1601,332
2020-09-30,8cf8f106c71f9be9bb457fac71ff573939daded4,Data pending,0,13
2020-09-29,0ab879c930b56d75dfccbb3ad72115dc28cc384e,Hispanic/Latino,5922,1261
2020-09-29,0ab879c930b56d75dfccbb3ad72115dc28cc384e,Black/African-American,5344,1428
2020-09-29,0ab879c930b56d75dfccbb3ad72115dc28cc384e,White,4876,1191
2020-09-29,0ab879c930b56d75dfccbb3ad72115dc28cc384e,Asian/Pacific-Islander,1444,411
2020-09-29,0ab879c930b56d75dfccbb3ad72115dc28cc384e,Other/Unknown,1597,332
2020-09-29,0ab879c930b56d75dfccbb3ad72115dc28cc384e,Data pending,0,8
2020-09-28,c4b0c754cb3565c1505da831c5590bfaf8173a41,Hispanic/Latino,5915,1261
2020-09-28,c4b0c754cb3565c1505da831c5590bfaf8173a41,Black/African-American,5343,1429
2020-09-28,c4b0c754cb3565c1505da831c5590bfaf8173a41,White,4875,1191
2020-09-28,c4b0c754cb3565c1505da831c5590bfaf8173a41,Asian/Pacific-Islander,1445,411
2020-09-28,c4b0c754cb3565c1505da831c5590bfaf8173a41,Other/Unknown,1600,332
2020-09-28,c4b0c754cb3565c1505da831c5590bfaf8173a41,Data pending,0,8
2020-09-27,032c0d2f500e4b1bbe2280eb8f152461bec9a267,Hispanic/Latino,5915,1261
2020-09-27,032c0d2f500e4b1bbe2280eb8f152461bec9a267,Black/African-American,5345,1428
2020-09-27,032c0d2f500e4b1bbe2280eb8f152461bec9a267,White,4873,1191
2020-09-27,032c0d2f500e4b1bbe2280eb8f152461bec9a267,Asian/Pacific-Islander,1445,411
2020-09-27,032c0d2f500e4b1bbe2280eb8f152461bec9a267,Other/Unknown,1593,332
2020-09-27,032c0d2f500e4b1bbe2280eb8f152461bec9a267,Data pending,0,7
2020-09-26,a0c44938240bf25ef7baca8f817025768ac17ce9,Hispanic/Latino,5913,1260
2020-09-26,a0c44938240bf25ef7baca8f817025768ac17ce9,Black/African-American,5342,1428
2020-09-26,a0c44938240bf25ef7baca8f817025768ac17ce9,White,4869,1191
2020-09-26,a0c44938240bf25ef7baca8f817025768ac17ce9,Asian/Pacific-Islander,1445,411
2020-09-26,a0c44938240bf25ef7baca8f817025768ac17ce9,Other/Unknown,1598,332
2020-09-26,a0c44938240bf25ef7baca8f817025768ac17ce9,Data pending,0,6
2020-09-25,5a6066855b785c2537606574022f5bff1611af98,Hispanic/Latino,5912,1260
2020-09-25,5a6066855b785c2537606574022f5bff1611af98,Black/African-American,5343,1428
2020-09-25,5a6066855b785c2537606574022f5bff1611af98,White,4871,1191
2020-09-25,5a6066855b785c2537606574022f5bff1611af98,Asian/Pacific-Islander,1443,411
2020-09-25,5a6066855b785c2537606574022f5bff1611af98,Other/Unknown,1596,332
2020-09-25,5a6066855b785c2537606574022f5bff1611af98,Data pending,0,5
2020-09-24,7ce1b84610232be9c3f780484865a51f73b8c469,Hispanic/Latino,5902,1260
2020-09-24,7ce1b84610232be9c3f780484865a51f73b8c469,Black/African-American,5343,1428
2020-09-24,7ce1b84610232be9c3f780484865a51f73b8c469,White,4874,1191
2020-09-24,7ce1b84610232be9c3f780484865a51f73b8c469,Asian/Pacific-Islander,1444,411
2020-09-24,7ce1b84610232be9c3f780484865a51f73b8c469,Other/Unknown,1596,332
2020-09-24,7ce1b84610232be9c3f780484865a51f73b8c469,Data pending,0,4
2020-09-23,1d5d6a1a95a78a863630c748e2aff251eed2ca95,Hispanic/Latino,5903,1260
2020-09-23,1d5d6a1a95a78a863630c748e2aff251eed2ca95,Black/African-American,5343,1428
2020-09-23,1d5d6a1a95a78a863630c748e2aff251eed2ca95,White,4872,1191
2020-09-23,1d5d6a1a95a78a863630c748e2aff251eed2ca95,Asian/Pacific-Islander,1444,411
2020-09-23,1d5d6a1a95a78a863630c748e2aff251eed2ca95,Other/Unknown,1590,333
2020-09-23,1d5d6a1a95a78a863630c748e2aff251eed2ca95,Data pending,0,5
2020-09-22,2e545fc49fe04a7f33201d38723f9e9f782fae7c,Hispanic/Latino,5902,1260
2020-09-22,2e545fc49fe04a7f33201d38723f9e9f782fae7c,Black/African-American,5343,1428
2020-09-22,2e545fc49fe04a7f33201d38723f9e9f782fae7c,White,4874,1190
2020-09-22,2e545fc49fe04a7f33201d38723f9e9f782fae7c,Asian/Pacific-Islander,1443,412
2020-09-22,2e545fc49fe04a7f33201d38723f9e9f782fae7c,Other/Unknown,1591,332
2020-09-22,2e545fc49fe04a7f33201d38723f9e9f782fae7c,Data pending,0,5
2020-09-21,161d7da66af7c4474db757f572758ef4d6aba21b,Hispanic/Latino,5903,1260
2020-09-21,161d7da66af7c4474db757f572758ef4d6aba21b,Black/African-American,5342,1428
2020-09-21,161d7da66af7c4474db757f572758ef4d6aba21b,White,4874,1190
2020-09-21,161d7da66af7c4474db757f572758ef4d6aba21b,Asian/Pacific-Islander,1443,411
2020-09-21,161d7da66af7c4474db757f572758ef4d6aba21b,Other/Unknown,1590,333
2020-09-21,161d7da66af7c4474db757f572758ef4d6aba21b,Data pending,0,8
2020-09-20,6bb2ffe73557b2a9fad7e45923e2f0460a427ca6,Hispanic/Latino,5902,1260
2020-09-20,6bb2ffe73557b2a9fad7e45923e2f0460a427ca6,Black/African-American,5343,1428
2020-09-20,6bb2ffe73557b2a9fad7e45923e2f0460a427ca6,White,4872,1190
2020-09-20,6bb2ffe73557b2a9fad7e45923e2f0460a427ca6,Asian/Pacific-Islander,1444,412
2020-09-20,6bb2ffe73557b2a9fad7e45923e2f0460a427ca6,Other/Unknown,1588,333
2020-09-20,6bb2ffe73557b2a9fad7e45923e2f0460a427ca6,Data pending,0,5
2020-09-19,3e716fa6b44c43efe4652e26a5e7c123b3ed98a3,Hispanic/Latino,5898,1259
2020-09-19,3e716fa6b44c43efe4652e26a5e7c123b3ed98a3,Black/African-American,5343,1427
2020-09-19,3e716fa6b44c43efe4652e26a5e7c123b3ed98a3,White,4873,1190
2020-09-19,3e716fa6b44c43efe4652e26a5e7c123b3ed98a3,Asian/Pacific-Islander,1444,412
2020-09-19,3e716fa6b44c43efe4652e26a5e7c123b3ed98a3,Other/Unknown,1588,332
2020-09-19,3e716fa6b44c43efe4652e26a5e7c123b3ed98a3,Data pending,0,5
2020-09-18,87ee05a6bb687a2731ef3d7ee8905003f27e5e9b,Hispanic/Latino,5900,1260
2020-09-18,87ee05a6bb687a2731ef3d7ee8905003f27e5e9b,Black/African-American,5343,1427
2020-09-18,87ee05a6bb687a2731ef3d7ee8905003f27e5e9b,White,4874,1190
2020-09-18,87ee05a6bb687a2731ef3d7ee8905003f27e5e9b,Asian/Pacific-Islander,1442,411
2020-09-18,87ee05a6bb687a2731ef3d7ee8905003f27e5e9b,Other/Unknown,1588,332
2020-09-18,87ee05a6bb687a2731ef3d7ee8905003f27e5e9b,Data pending,0,8
2020-09-17,f8b6bdc641b4bc92bebfd6333e28ec87c64e234e,Hispanic/Latino,5898,1260
2020-09-17,f8b6bdc641b4bc92bebfd6333e28ec87c64e234e,Black/African-American,5343,1427
2020-09-17,f8b6bdc641b4bc92bebfd6333e28ec87c64e234e,White,4872,1188
2020-09-17,f8b6bdc641b4bc92bebfd6333e28ec87c64e234e,Asian/Pacific-Islander,1442,411
2020-09-17,f8b6bdc641b4bc92bebfd6333e28ec87c64e234e,Other/Unknown,1587,333
2020-09-17,f8b6bdc641b4bc92bebfd6333e28ec87c64e234e,Data pending,0,6
2020-09-16,e41828f575d20cac7e64a385f9a12d78bb549970,Hispanic/Latino,5897,1262
2020-09-16,e41828f575d20cac7e64a385f9a12d78bb549970,Black/African-American,5341,1428
2020-09-16,e41828f575d20cac7e64a385f9a12d78bb549970,White,4869,1188
2020-09-16,e41828f575d20cac7e64a385f9a12d78bb549970,Asian/Pacific-Islander,1442,411
2020-09-16,e41828f575d20cac7e64a385f9a12d78bb549970,Other/Unknown,1585,333
2020-09-16,e41828f575d20cac7e64a385f9a12d78bb549970,Data pending,0,6
2020-09-15,310656d1b83d95f4db08a358702522179c8d09ed,Hispanic/Latino,5894,1261
2020-09-15,310656d1b83d95f4db08a358702522179c8d09ed,Black/African-American,5339,1430
2020-09-15,310656d1b83d95f4db08a358702522179c8d09ed,White,4869,1186
2020-09-15,310656d1b83d95f4db08a358702522179c8d09ed,Asian/Pacific-Islander,1443,411
2020-09-15,310656d1b83d95f4db08a358702522179c8d09ed,Other/Unknown,1586,333
2020-09-15,310656d1b83d95f4db08a358702522179c8d09ed,Data pending,0,6
2020-09-14,3410bae200490807019094e85fe69421036ea938,Hispanic/Latino,5885,1262
2020-09-14,3410bae200490807019094e85fe69421036ea938,Black/African-American,5335,1429
2020-09-14,3410bae200490807019094e85fe69421036ea938,White,4866,1186
2020-09-14,3410bae200490807019094e85fe69421036ea938,Asian/Pacific-Islander,1440,411
2020-09-14,3410bae200490807019094e85fe69421036ea938,Other/Unknown,1598,333
2020-09-14,3410bae200490807019094e85fe69421036ea938,Data pending,0,5
2020-09-12,d136fb982ecb454d83e4c2dec9b3bcef9385e392,Hispanic/Latino,5886,1261
2020-09-12,d136fb982ecb454d83e4c2dec9b3bcef9385e392,Black/African-American,5333,1429
2020-09-12,d136fb982ecb454d83e4c2dec9b3bcef9385e392,White,4865,1185
2020-09-12,d136fb982ecb454d83e4c2dec9b3bcef9385e392,Asian/Pacific-Islander,1440,411
2020-09-12,d136fb982ecb454d83e4c2dec9b3bcef9385e392,Other/Unknown,1596,333
2020-09-12,d136fb982ecb454d83e4c2dec9b3bcef9385e392,Data pending,0,4
2020-09-11,e79fff6fe7aabfd7c8acd9259b12648b026e7a41,Hispanic/Latino,5886,1262
2020-09-11,e79fff6fe7aabfd7c8acd9259b12648b026e7a41,Black/African-American,5339,1428
2020-09-11,e79fff6fe7aabfd7c8acd9259b12648b026e7a41,White,4864,1185
2020-09-11,e79fff6fe7aabfd7c8acd9259b12648b026e7a41,Asian/Pacific-Islander,1440,411
2020-09-11,e79fff6fe7aabfd7c8acd9259b12648b026e7a41,Other/Unknown,1587,333
2020-09-11,e79fff6fe7aabfd7c8acd9259b12648b026e7a41,Data pending,0,4
2020-09-10,0eecfe17c3f18db23e7c96224af7316925275904,Hispanic/Latino,5880,1270
2020-09-10,0eecfe17c3f18db23e7c96224af7316925275904,Black/African-American,5333,1433
2020-09-10,0eecfe17c3f18db23e7c96224af7316925275904,White,4863,1185
2020-09-10,0eecfe17c3f18db23e7c96224af7316925275904,Asian/Pacific-Islander,1438,412
2020-09-10,0eecfe17c3f18db23e7c96224af7316925275904,Other/Unknown,1585,335
2020-09-10,0eecfe17c3f18db23e7c96224af7316925275904,Data pending,0,7
2020-09-09,128d24ac2067dba0ad9450dd548be86856b1698d,Hispanic/Latino,5880,1270
2020-09-09,128d24ac2067dba0ad9450dd548be86856b1698d,Black/African-American,5334,1431
2020-09-09,128d24ac2067dba0ad9450dd548be86856b1698d,White,4862,1185
2020-09-09,128d24ac2067dba0ad9450dd548be86856b1698d,Asian/Pacific-Islander,1438,412
2020-09-09,128d24ac2067dba0ad9450dd548be86856b1698d,Other/Unknown,1584,335
2020-09-09,128d24ac2067dba0ad9450dd548be86856b1698d,Data pending,0,10
2020-09-08,dd51fbe3d9c7fa4add393b051dd88bf95dd6758f,Hispanic/Latino,5878,1271
2020-09-08,dd51fbe3d9c7fa4add393b051dd88bf95dd6758f,Black/African-American,5336,1431
2020-09-08,dd51fbe3d9c7fa4add393b051dd88bf95dd6758f,White,4862,1184
2020-09-08,dd51fbe3d9c7fa4add393b051dd88bf95dd6758f,Asian/Pacific-Islander,1438,412
2020-09-08,dd51fbe3d9c7fa4add393b051dd88bf95dd6758f,Other/Unknown,1584,335
2020-09-08,dd51fbe3d9c7fa4add393b051dd88bf95dd6758f,Data pending,0,13
2020-09-08,7138e6906c9ee1117e2dac06656f0e1c03190370,Hispanic/Latino,5870,1269
2020-09-08,7138e6906c9ee1117e2dac06656f0e1c03190370,Black/African-American,5331,1431
2020-09-08,7138e6906c9ee1117e2dac06656f0e1c03190370,White,4858,1184
2020-09-08,7138e6906c9ee1117e2dac06656f0e1c03190370,Asian/Pacific-Islander,1437,413
2020-09-08,7138e6906c9ee1117e2dac06656f0e1c03190370,Other/Unknown,1584,336
2020-09-08,7138e6906c9ee1117e2dac06656f0e1c03190370,Data pending,0,8
2020-09-07,eac59e5a80628a4aba90460d0cb34c89730532d2,Hispanic/Latino,5873,1270
2020-09-07,eac59e5a80628a4aba90460d0cb34c89730532d2,Black/African-American,5336,1432
2020-09-07,eac59e5a80628a4aba90460d0cb34c89730532d2,White,4860,1184
2020-09-07,eac59e5a80628a4aba90460d0cb34c89730532d2,Asian/Pacific-Islander,1437,413
2020-09-07,eac59e5a80628a4aba90460d0cb34c89730532d2,Other/Unknown,1584,335
2020-09-07,eac59e5a80628a4aba90460d0cb34c89730532d2,Data pending,0,12
2020-09-05,543178026a2531ab3ae9361364c6ae746e44cf65,Hispanic/Latino,5870,1269
2020-09-05,543178026a2531ab3ae9361364c6ae746e44cf65,Black/African-American,5331,1431
2020-09-05,543178026a2531ab3ae9361364c6ae746e44cf65,White,4858,1184
2020-09-05,543178026a2531ab3ae9361364c6ae746e44cf65,Asian/Pacific-Islander,1437,413
2020-09-05,543178026a2531ab3ae9361364c6ae746e44cf65,Other/Unknown,1584,336
2020-09-05,543178026a2531ab3ae9361364c6ae746e44cf65,Data pending,0,8
2020-09-04,c7802cf766ae52830403b11edf35a3a895d8d64a,Hispanic/Latino,5868,1269
2020-09-04,c7802cf766ae52830403b11edf35a3a895d8d64a,Black/African-American,5329,1431
2020-09-04,c7802cf766ae52830403b11edf35a3a895d8d64a,White,4855,1184
2020-09-04,c7802cf766ae52830403b11edf35a3a895d8d64a,Asian/Pacific-Islander,1436,413
2020-09-04,c7802cf766ae52830403b11edf35a3a895d8d64a,Other/Unknown,1585,336
2020-09-04,c7802cf766ae52830403b11edf35a3a895d8d64a,Data pending,0,10
2020-09-03,f58fbecef084a15f04c9b8ee99c498ee2d54b03b,Hispanic/Latino,5865,1269
2020-09-03,f58fbecef084a15f04c9b8ee99c498ee2d54b03b,Black/African-American,5329,1432
2020-09-03,f58fbecef084a15f04c9b8ee99c498ee2d54b03b,White,4855,1184
2020-09-03,f58fbecef084a15f04c9b8ee99c498ee2d54b03b,Asian/Pacific-Islander,1435,413
2020-09-03,f58fbecef084a15f04c9b8ee99c498ee2d54b03b,Other/Unknown,1582,337
2020-09-03,f58fbecef084a15f04c9b8ee99c498ee2d54b03b,Data pending,0,9
2020-09-02,c1469896916cb2c53e0e1faf3fa571d700602187,Hispanic/Latino,5868,1267
2020-09-02,c1469896916cb2c53e0e1faf3fa571d700602187,Black/African-American,5328,1432
2020-09-02,c1469896916cb2c53e0e1faf3fa571d700602187,White,4850,1184
2020-09-02,c1469896916cb2c53e0e1faf3fa571d700602187,Asian/Pacific-Islander,1434,413
2020-09-02,c1469896916cb2c53e0e1faf3fa571d700602187,Other/Unknown,1583,336
2020-09-02,c1469896916cb2c53e0e1faf3fa571d700602187,Data pending,0,13
2020-09-01,7953c97d1e58bbed9934ea04affb12ca74d9c0fb,Hispanic/Latino,5866,1267
2020-09-01,7953c97d1e58bbed9934ea04affb12ca74d9c0fb,Black/African-American,5328,1432
2020-09-01,7953c97d1e58bbed9934ea04affb12ca74d9c0fb,White,4850,1183
2020-09-01,7953c97d1e58bbed9934ea04affb12ca74d9c0fb,Asian/Pacific-Islander,1434,413
2020-09-01,7953c97d1e58bbed9934ea04affb12ca74d9c0fb,Other/Unknown,1582,335
2020-09-01,7953c97d1e58bbed9934ea04affb12ca74d9c0fb,Data pending,0,13
2020-08-31,bd0a5fe2dd4e768856b64b1d17b295793ae2488f,Hispanic/Latino,5863,1267
2020-08-31,bd0a5fe2dd4e768856b64b1d17b295793ae2488f,Black/African-American,5326,1432
2020-08-31,bd0a5fe2dd4e768856b64b1d17b295793ae2488f,White,4848,1183
2020-08-31,bd0a5fe2dd4e768856b64b1d17b295793ae2488f,Asian/Pacific-Islander,1434,413
2020-08-31,bd0a5fe2dd4e768856b64b1d17b295793ae2488f,Other/Unknown,1584,335
2020-08-31,bd0a5fe2dd4e768856b64b1d17b295793ae2488f,Data pending,0,10
2020-08-30,6fa5de80898446c1c651985be0f9d78073667180,Hispanic/Latino,5858,1269
2020-08-30,6fa5de80898446c1c651985be0f9d78073667180,Black/African-American,5321,1435
2020-08-30,6fa5de80898446c1c651985be0f9d78073667180,White,4848,1183
2020-08-30,6fa5de80898446c1c651985be0f9d78073667180,Asian/Pacific-Islander,1434,413
2020-08-30,6fa5de80898446c1c651985be0f9d78073667180,Other/Unknown,1581,338
2020-08-30,6fa5de80898446c1c651985be0f9d78073667180,Data pending,0,9
2020-08-29,35ab5bf63970829b63ee14544b46c2ed5982774f,Hispanic/Latino,5859,1265
2020-08-29,35ab5bf63970829b63ee14544b46c2ed5982774f,Black/African-American,5324,1432
2020-08-29,35ab5bf63970829b63ee14544b46c2ed5982774f,White,4847,1183
2020-08-29,35ab5bf63970829b63ee14544b46c2ed5982774f,Asian/Pacific-Islander,1434,413
2020-08-29,35ab5bf63970829b63ee14544b46c2ed5982774f,Other/Unknown,1583,335
2020-08-29,35ab5bf63970829b63ee14544b46c2ed5982774f,Data pending,0,8
2020-08-28,d85359c5a13362536708093a81e9ac72e29e39ed,Hispanic/Latino,5860,1265
2020-08-28,d85359c5a13362536708093a81e9ac72e29e39ed,Black/African-American,5323,1432
2020-08-28,d85359c5a13362536708093a81e9ac72e29e39ed,White,4844,1183
2020-08-28,d85359c5a13362536708093a81e9ac72e29e39ed,Asian/Pacific-Islander,1432,413
2020-08-28,d85359c5a13362536708093a81e9ac72e29e39ed,Other/Unknown,1585,334
2020-08-28,d85359c5a13362536708093a81e9ac72e29e39ed,Data pending,0,9
2020-08-27,223542604303441a1879c14421c7debb04c800d0,Hispanic/Latino,5859,1265
2020-08-27,223542604303441a1879c14421c7debb04c800d0,Black/African-American,5320,1431
2020-08-27,223542604303441a1879c14421c7debb04c800d0,White,4841,1184
2020-08-27,223542604303441a1879c14421c7debb04c800d0,Asian/Pacific-Islander,1432,413
2020-08-27,223542604303441a1879c14421c7debb04c800d0,Other/Unknown,1585,334
2020-08-27,223542604303441a1879c14421c7debb04c800d0,Data pending,0,10
2020-08-26,873753a66c9e385232fb6e34038fda1adb3508ce,Hispanic/Latino,5856,1264
2020-08-26,873753a66c9e385232fb6e34038fda1adb3508ce,Black/African-American,5317,1432
2020-08-26,873753a66c9e385232fb6e34038fda1adb3508ce,White,4841,1184
2020-08-26,873753a66c9e385232fb6e34038fda1adb3508ce,Asian/Pacific-Islander,1431,413
2020-08-26,873753a66c9e385232fb6e34038fda1adb3508ce,Other/Unknown,1585,335
2020-08-26,873753a66c9e385232fb6e34038fda1adb3508ce,Data pending,0,11
2020-08-25,13daf0b4147ba7a2c0b1064eca9851ce0292c19a,Hispanic/Latino,5855,1264
2020-08-25,13daf0b4147ba7a2c0b1064eca9851ce0292c19a,Black/African-American,5317,1431
2020-08-25,13daf0b4147ba7a2c0b1064eca9851ce0292c19a,White,4840,1184
2020-08-25,13daf0b4147ba7a2c0b1064eca9851ce0292c19a,Asian/Pacific-Islander,1431,413
2020-08-25,13daf0b4147ba7a2c0b1064eca9851ce0292c19a,Other/Unknown,1586,335
2020-08-25,13daf0b4147ba7a2c0b1064eca9851ce0292c19a,Data pending,0,10
2020-08-24,855b4e1f58fb9e989dcb0a5f96a5ecaa64e60151,Hispanic/Latino,5854,1264
2020-08-24,855b4e1f58fb9e989dcb0a5f96a5ecaa64e60151,Black/African-American,5316,1431
2020-08-24,855b4e1f58fb9e989dcb0a5f96a5ecaa64e60151,White,4840,1184
2020-08-24,855b4e1f58fb9e989dcb0a5f96a5ecaa64e60151,Asian/Pacific-Islander,1431,413
2020-08-24,855b4e1f58fb9e989dcb0a5f96a5ecaa64e60151,Other/Unknown,1584,335
2020-08-24,855b4e1f58fb9e989dcb0a5f96a5ecaa64e60151,Data pending,0,10
2020-08-23,96f12eaa412873a96bd4a3ba2721b6f543522a4b,Hispanic/Latino,5851,1265
2020-08-23,96f12eaa412873a96bd4a3ba2721b6f543522a4b,Black/African-American,5314,1431
2020-08-23,96f12eaa412873a96bd4a3ba2721b6f543522a4b,White,4840,1184
2020-08-23,96f12eaa412873a96bd4a3ba2721b6f543522a4b,Asian/Pacific-Islander,1431,413
2020-08-23,96f12eaa412873a96bd4a3ba2721b6f543522a4b,Other/Unknown,1581,336
2020-08-23,96f12eaa412873a96bd4a3ba2721b6f543522a4b,Data pending,0,12
2020-08-22,7e3f387baff20f9cd051a0795a7872f0ab769dcf,Hispanic/Latino,5853,1264
2020-08-22,7e3f387baff20f9cd051a0795a7872f0ab769dcf,Black/African-American,5309,1431
2020-08-22,7e3f387baff20f9cd051a0795a7872f0ab769dcf,White,4840,1182
2020-08-22,7e3f387baff20f9cd051a0795a7872f0ab769dcf,Asian/Pacific-Islander,1430,413
2020-08-22,7e3f387baff20f9cd051a0795a7872f0ab769dcf,Other/Unknown,1582,334
2020-08-22,7e3f387baff20f9cd051a0795a7872f0ab769dcf,Data pending,0,8
2020-08-21,ce3f3a6952914b8222b3f495ccd69a7f3b881e45,Hispanic/Latino,5850,1265
2020-08-21,ce3f3a6952914b8222b3f495ccd69a7f3b881e45,Black/African-American,5306,1431
2020-08-21,ce3f3a6952914b8222b3f495ccd69a7f3b881e45,White,4839,1182
2020-08-21,ce3f3a6952914b8222b3f495ccd69a7f3b881e45,Asian/Pacific-Islander,1430,413
2020-08-21,ce3f3a6952914b8222b3f495ccd69a7f3b881e45,Other/Unknown,1582,334
2020-08-21,ce3f3a6952914b8222b3f495ccd69a7f3b881e45,Data pending,0,9
2020-08-20,647a8213dc537c9fad89162aaf7efd4d77f4a80f,Hispanic/Latino,5851,1264
2020-08-20,647a8213dc537c9fad89162aaf7efd4d77f4a80f,Black/African-American,5304,1432
2020-08-20,647a8213dc537c9fad89162aaf7efd4d77f4a80f,White,4837,1182
2020-08-20,647a8213dc537c9fad89162aaf7efd4d77f4a80f,Asian/Pacific-Islander,1431,413
2020-08-20,647a8213dc537c9fad89162aaf7efd4d77f4a80f,Other/Unknown,1580,334
2020-08-20,647a8213dc537c9fad89162aaf7efd4d77f4a80f,Data pending,0,11
2020-08-19,5d654516f35cff33c071f702ba727e0ac1b626e4,Hispanic/Latino,5851,1264
2020-08-19,5d654516f35cff33c071f702ba727e0ac1b626e4,Black/African-American,5304,1431
2020-08-19,5d654516f35cff33c071f702ba727e0ac1b626e4,White,4840,1183
2020-08-19,5d654516f35cff33c071f702ba727e0ac1b626e4,Asian/Pacific-Islander,1431,413
2020-08-19,5d654516f35cff33c071f702ba727e0ac1b626e4,Other/Unknown,1579,333
2020-08-19,5d654516f35cff33c071f702ba727e0ac1b626e4,Data pending,0,14
2020-08-18,02b25780056aa1c24d29f307d76d0f188a1b9839,Hispanic/Latino,5847,1264
2020-08-18,02b25780056aa1c24d29f307d76d0f188a1b9839,Black/African-American,5303,1431
2020-08-18,02b25780056aa1c24d29f307d76d0f188a1b9839,White,4839,1183
2020-08-18,02b25780056aa1c24d29f307d76d0f188a1b9839,Asian/Pacific-Islander,1430,413
2020-08-18,02b25780056aa1c24d29f307d76d0f188a1b9839,Other/Unknown,1580,333
2020-08-18,02b25780056aa1c24d29f307d76d0f188a1b9839,Data pending,0,19
2020-08-17,0f4f0056ee6de6f2a54b0272c7638f5de46698d2,Hispanic/Latino,5848,1262
2020-08-17,0f4f0056ee6de6f2a54b0272c7638f5de46698d2,Black/African-American,5303,1431
2020-08-17,0f4f0056ee6de6f2a54b0272c7638f5de46698d2,White,4838,1183
2020-08-17,0f4f0056ee6de6f2a54b0272c7638f5de46698d2,Asian/Pacific-Islander,1429,413
2020-08-17,0f4f0056ee6de6f2a54b0272c7638f5de46698d2,Other/Unknown,1580,333
2020-08-17,0f4f0056ee6de6f2a54b0272c7638f5de46698d2,Data pending,0,14
2020-08-16,a5fecbe9f995723e5a0c4b816a985eaff4789340,Hispanic/Latino,5846,1262
2020-08-16,a5fecbe9f995723e5a0c4b816a985eaff4789340,Black/African-American,5301,1431
2020-08-16,a5fecbe9f995723e5a0c4b816a985eaff4789340,White,4838,1183
2020-08-16,a5fecbe9f995723e5a0c4b816a985eaff4789340,Asian/Pacific-Islander,1430,413
2020-08-16,a5fecbe9f995723e5a0c4b816a985eaff4789340,Other/Unknown,1579,333
2020-08-16,a5fecbe9f995723e5a0c4b816a985eaff4789340,Data pending,0,12
2020-08-15,91bd862d71e2d6df81843a5e05510629884ca4d2,Hispanic/Latino,5843,1262
2020-08-15,91bd862d71e2d6df81843a5e05510629884ca4d2,Black/African-American,5300,1431
2020-08-15,91bd862d71e2d6df81843a5e05510629884ca4d2,White,4833,1182
2020-08-15,91bd862d71e2d6df81843a5e05510629884ca4d2,Asian/Pacific-Islander,1430,413
2020-08-15,91bd862d71e2d6df81843a5e05510629884ca4d2,Other/Unknown,1583,333
2020-08-15,91bd862d71e2d6df81843a5e05510629884ca4d2,Data pending,0,11
2020-08-14,538891f0e2aeeb60b543bb930ea35b6d08f72790,Hispanic/Latino,5842,1261
2020-08-14,538891f0e2aeeb60b543bb930ea35b6d08f72790,Black/African-American,5300,1430
2020-08-14,538891f0e2aeeb60b543bb930ea35b6d08f72790,White,4833,1181
2020-08-14,538891f0e2aeeb60b543bb930ea35b6d08f72790,Asian/Pacific-Islander,1430,413
2020-08-14,538891f0e2aeeb60b543bb930ea35b6d08f72790,Other/Unknown,1582,333
2020-08-14,538891f0e2aeeb60b543bb930ea35b6d08f72790,Data pending,0,10
2020-08-13,5f06bd065ec344111d569b23f29f42e0701eac01,Hispanic/Latino,5841,1261
2020-08-13,5f06bd065ec344111d569b23f29f42e0701eac01,Black/African-American,5294,1430
2020-08-13,5f06bd065ec344111d569b23f29f42e0701eac01,White,4831,1181
2020-08-13,5f06bd065ec344111d569b23f29f42e0701eac01,Asian/Pacific-Islander,1430,413
2020-08-13,5f06bd065ec344111d569b23f29f42e0701eac01,Other/Unknown,1583,333
2020-08-13,5f06bd065ec344111d569b23f29f42e0701eac01,Data pending,0,13
2020-08-12,16224c08aeaf5a625785ac4a82137d0369db4e93,Hispanic/Latino,5840,1259
2020-08-12,16224c08aeaf5a625785ac4a82137d0369db4e93,Black/African-American,5291,1429
2020-08-12,16224c08aeaf5a625785ac4a82137d0369db4e93,White,4829,1181
2020-08-12,16224c08aeaf5a625785ac4a82137d0369db4e93,Asian/Pacific-Islander,1429,413
2020-08-12,16224c08aeaf5a625785ac4a82137d0369db4e93,Other/Unknown,1581,333
2020-08-12,16224c08aeaf5a625785ac4a82137d0369db4e93,Data pending,0,17
2020-08-11,5158a16b1c0927a55e08f9d2a6c94279d4a90003,Hispanic/Latino,5837,1259
2020-08-11,5158a16b1c0927a55e08f9d2a6c94279d4a90003,Black/African-American,5291,1429
2020-08-11,5158a16b1c0927a55e08f9d2a6c94279d4a90003,White,4828,1181
2020-08-11,5158a16b1c0927a55e08f9d2a6c94279d4a90003,Asian/Pacific-Islander,1428,413
2020-08-11,5158a16b1c0927a55e08f9d2a6c94279d4a90003,Other/Unknown,1582,333
2020-08-11,5158a16b1c0927a55e08f9d2a6c94279d4a90003,Data pending,0,11
2020-08-10,f4f433546d1c2cd2321ac5d3bb51d8689e83d419,Hispanic/Latino,5834,1259
2020-08-10,f4f433546d1c2cd2321ac5d3bb51d8689e83d419,Black/African-American,5288,1429
2020-08-10,f4f433546d1c2cd2321ac5d3bb51d8689e83d419,White,4826,1181
2020-08-10,f4f433546d1c2cd2321ac5d3bb51d8689e83d419,Asian/Pacific-Islander,1427,413
2020-08-10,f4f433546d1c2cd2321ac5d3bb51d8689e83d419,Other/Unknown,1585,333
2020-08-10,f4f433546d1c2cd2321ac5d3bb51d8689e83d419,Data pending,0,11
2020-08-09,66105d19d9d1612cba57d904cd90eebde9115704,Hispanic/Latino,5833,1259
2020-08-09,66105d19d9d1612cba57d904cd90eebde9115704,Black/African-American,5287,1429
2020-08-09,66105d19d9d1612cba57d904cd90eebde9115704,White,4825,1181
2020-08-09,66105d19d9d1612cba57d904cd90eebde9115704,Asian/Pacific-Islander,1426,412
2020-08-09,66105d19d9d1612cba57d904cd90eebde9115704,Other/Unknown,1585,333
2020-08-09,66105d19d9d1612cba57d904cd90eebde9115704,Data pending,0,10
2020-08-08,7c5b81b991c2b5edbf26c237286d497bf869be2c,Hispanic/Latino,5830,1259
2020-08-08,7c5b81b991c2b5edbf26c237286d497bf869be2c,Black/African-American,5286,1429
2020-08-08,7c5b81b991c2b5edbf26c237286d497bf869be2c,White,4824,1181
2020-08-08,7c5b81b991c2b5edbf26c237286d497bf869be2c,Asian/Pacific-Islander,1426,412
2020-08-08,7c5b81b991c2b5edbf26c237286d497bf869be2c,Other/Unknown,1583,333
2020-08-08,7c5b81b991c2b5edbf26c237286d497bf869be2c,Data pending,0,12
2020-08-07,dcdc45973712d6bc15523afaecd27d37d6da305e,Hispanic/Latino,5829,1259
2020-08-07,dcdc45973712d6bc15523afaecd27d37d6da305e,Black/African-American,5285,1427
2020-08-07,dcdc45973712d6bc15523afaecd27d37d6da305e,White,4822,1180
2020-08-07,dcdc45973712d6bc15523afaecd27d37d6da305e,Asian/Pacific-Islander,1426,412
2020-08-07,dcdc45973712d6bc15523afaecd27d37d6da305e,Other/Unknown,1582,333
2020-08-07,dcdc45973712d6bc15523afaecd27d37d6da305e,Data pending,0,12
2020-08-06,cf02bdfd9dfcf6d5e5d75b9b138b6e727335e9ad,Hispanic/Latino,5824,1259
2020-08-06,cf02bdfd9dfcf6d5e5d75b9b138b6e727335e9ad,Black/African-American,5285,1427
2020-08-06,cf02bdfd9dfcf6d5e5d75b9b138b6e727335e9ad,White,4821,1180
2020-08-06,cf02bdfd9dfcf6d5e5d75b9b138b6e727335e9ad,Asian/Pacific-Islander,1426,412
2020-08-06,cf02bdfd9dfcf6d5e5d75b9b138b6e727335e9ad,Other/Unknown,1582,335
2020-08-06,cf02bdfd9dfcf6d5e5d75b9b138b6e727335e9ad,Data pending,0,12
2020-08-05,b6a811edae7804c31e18e94c8602a73e2938a191,Hispanic/Latino,5824,1258
2020-08-05,b6a811edae7804c31e18e94c8602a73e2938a191,Black/African-American,5286,1426
2020-08-05,b6a811edae7804c31e18e94c8602a73e2938a191,White,4820,1181
2020-08-05,b6a811edae7804c31e18e94c8602a73e2938a191,Asian/Pacific-Islander,1425,413
2020-08-05,b6a811edae7804c31e18e94c8602a73e2938a191,Other/Unknown,1582,334
2020-08-05,b6a811edae7804c31e18e94c8602a73e2938a191,Data pending,0,14
2020-08-04,2f12509de24f10a5bdccc02bb79d1ad85538d8aa,Hispanic/Latino,5822,1258
2020-08-04,2f12509de24f10a5bdccc02bb79d1ad85538d8aa,Black/African-American,5282,1426
2020-08-04,2f12509de24f10a5bdccc02bb79d1ad85538d8aa,White,4818,1181
2020-08-04,2f12509de24f10a5bdccc02bb79d1ad85538d8aa,Asian/Pacific-Islander,1425,413
2020-08-04,2f12509de24f10a5bdccc02bb79d1ad85538d8aa,Other/Unknown,1586,334
2020-08-04,2f12509de24f10a5bdccc02bb79d1ad85538d8aa,Data pending,0,11
2020-08-03,773ffb03e3e4efd32b855f3e31cb113c9e820273,Hispanic/Latino,5817,1258
2020-08-03,773ffb03e3e4efd32b855f3e31cb113c9e820273,Black/African-American,5281,1426
2020-08-03,773ffb03e3e4efd32b855f3e31cb113c9e820273,White,4817,1181
2020-08-03,773ffb03e3e4efd32b855f3e31cb113c9e820273,Asian/Pacific-Islander,1425,413
2020-08-03,773ffb03e3e4efd32b855f3e31cb113c9e820273,Other/Unknown,1587,335
2020-08-03,773ffb03e3e4efd32b855f3e31cb113c9e820273,Data pending,0,10
2020-08-02,a7315f625e7ef4eb15ed326d8ef66a703fccb613,Hispanic/Latino,5815,1258
2020-08-02,a7315f625e7ef4eb15ed326d8ef66a703fccb613,Black/African-American,5278,1427
2020-08-02,a7315f625e7ef4eb15ed326d8ef66a703fccb613,White,4809,1181
2020-08-02,a7315f625e7ef4eb15ed326d8ef66a703fccb613,Asian/Pacific-Islander,1425,413
2020-08-02,a7315f625e7ef4eb15ed326d8ef66a703fccb613,Other/Unknown,1588,335
2020-08-02,a7315f625e7ef4eb15ed326d8ef66a703fccb613,Data pending,0,12
2020-08-01,6a26616a502ae5d02e261262ee155fc20041ee30,Hispanic/Latino,5812,1257
2020-08-01,6a26616a502ae5d02e261262ee155fc20041ee30,Black/African-American,5276,1426
2020-08-01,6a26616a502ae5d02e261262ee155fc20041ee30,White,4812,1180
2020-08-01,6a26616a502ae5d02e261262ee155fc20041ee30,Asian/Pacific-Islander,1424,413
2020-08-01,6a26616a502ae5d02e261262ee155fc20041ee30,Other/Unknown,1586,335
2020-08-01,6a26616a502ae5d02e261262ee155fc20041ee30,Data pending,0,15
2020-07-31,f10021ab793108aad8a25db7a85fa0d722ad7912,Hispanic/Latino,5810,1258
2020-07-31,f10021ab793108aad8a25db7a85fa0d722ad7912,Black/African-American,5274,1425
2020-07-31,f10021ab793108aad8a25db7a85fa0d722ad7912,White,4810,1180
2020-07-31,f10021ab793108aad8a25db7a85fa0d722ad7912,Asian/Pacific-Islander,1423,413
2020-07-31,f10021ab793108aad8a25db7a85fa0d722ad7912,Other/Unknown,1589,335
2020-07-31,f10021ab793108aad8a25db7a85fa0d722ad7912,Data pending,0,14
2020-07-30,2bed49841afdd9a9c6b584673b03a901a6ad2140,Hispanic/Latino,5809,1258
2020-07-30,2bed49841afdd9a9c6b584673b03a901a6ad2140,Black/African-American,5272,1424
2020-07-30,2bed49841afdd9a9c6b584673b03a901a6ad2140,White,4809,1179
2020-07-30,2bed49841afdd9a9c6b584673b03a901a6ad2140,Asian/Pacific-Islander,1419,414
2020-07-30,2bed49841afdd9a9c6b584673b03a901a6ad2140,Other/Unknown,1589,335
2020-07-30,2bed49841afdd9a9c6b584673b03a901a6ad2140,Data pending,0,17
2020-07-29,18b56f1b5a1dc01fcde42a3243e5102bf8935fae,Hispanic/Latino,5806,1259
2020-07-29,18b56f1b5a1dc01fcde42a3243e5102bf8935fae,Black/African-American,5267,1423
2020-07-29,18b56f1b5a1dc01fcde42a3243e5102bf8935fae,White,4806,1179
2020-07-29,18b56f1b5a1dc01fcde42a3243e5102bf8935fae,Asian/Pacific-Islander,1419,413
2020-07-29,18b56f1b5a1dc01fcde42a3243e5102bf8935fae,Other/Unknown,1589,335
2020-07-29,18b56f1b5a1dc01fcde42a3243e5102bf8935fae,Data pending,0,16
2020-07-28,6daff424410b0e9faef3f33c8c656c5732282f85,Hispanic/Latino,5804,1258
2020-07-28,6daff424410b0e9faef3f33c8c656c5732282f85,Black/African-American,5263,1424
2020-07-28,6daff424410b0e9faef3f33c8c656c5732282f85,White,4804,1179
2020-07-28,6daff424410b0e9faef3f33c8c656c5732282f85,Asian/Pacific-Islander,1419,413
2020-07-28,6daff424410b0e9faef3f33c8c656c5732282f85,Other/Unknown,1588,335
2020-07-28,6daff424410b0e9faef3f33c8c656c5732282f85,Data pending,0,20
2020-07-27,ec4a60ebb5eb79970161ff6ac925eaec481ae6a2,Hispanic/Latino,5799,1258
2020-07-27,ec4a60ebb5eb79970161ff6ac925eaec481ae6a2,Black/African-American,5261,1425
2020-07-27,ec4a60ebb5eb79970161ff6ac925eaec481ae6a2,White,4805,1179
2020-07-27,ec4a60ebb5eb79970161ff6ac925eaec481ae6a2,Asian/Pacific-Islander,1418,414
2020-07-27,ec4a60ebb5eb79970161ff6ac925eaec481ae6a2,Other/Unknown,1589,334
2020-07-27,ec4a60ebb5eb79970161ff6ac925eaec481ae6a2,Data pending,0,18
2020-07-26,f7f16ad2ec56552acaa750825238cfb98796cc96,Hispanic/Latino,5794,1258
2020-07-26,f7f16ad2ec56552acaa750825238cfb98796cc96,Black/African-American,5256,1424
2020-07-26,f7f16ad2ec56552acaa750825238cfb98796cc96,White,4800,1179
2020-07-26,f7f16ad2ec56552acaa750825238cfb98796cc96,Asian/Pacific-Islander,1418,414
2020-07-26,f7f16ad2ec56552acaa750825238cfb98796cc96,Other/Unknown,1594,334
2020-07-26,f7f16ad2ec56552acaa750825238cfb98796cc96,Data pending,0,14
2020-07-25,fa0817c7d262dce6ebb2efc7d50bc83bf41991ed,Hispanic/Latino,5792,1257
2020-07-25,fa0817c7d262dce6ebb2efc7d50bc83bf41991ed,Black/African-American,5251,1424
2020-07-25,fa0817c7d262dce6ebb2efc7d50bc83bf41991ed,White,4796,1178
2020-07-25,fa0817c7d262dce6ebb2efc7d50bc83bf41991ed,Asian/Pacific-Islander,1418,413
2020-07-25,fa0817c7d262dce6ebb2efc7d50bc83bf41991ed,Other/Unknown,1592,336
2020-07-25,fa0817c7d262dce6ebb2efc7d50bc83bf41991ed,Data pending,0,19
2020-07-24,c2539dc70437a42575f3c3ea8b230047de23dff3,Hispanic/Latino,5785,1256
2020-07-24,c2539dc70437a42575f3c3ea8b230047de23dff3,Black/African-American,5245,1425
2020-07-24,c2539dc70437a42575f3c3ea8b230047de23dff3,White,4791,1178
2020-07-24,c2539dc70437a42575f3c3ea8b230047de23dff3,Asian/Pacific-Islander,1416,411
2020-07-24,c2539dc70437a42575f3c3ea8b230047de23dff3,Other/Unknown,1599,338
2020-07-24,c2539dc70437a42575f3c3ea8b230047de23dff3,Data pending,0,21
2020-07-23,4270c108e635c67d80af970c4540abdbb003b234,Hispanic/Latino,5791,1257
2020-07-23,4270c108e635c67d80af970c4540abdbb003b234,Black/African-American,5244,1424
2020-07-23,4270c108e635c67d80af970c4540abdbb003b234,White,4787,1178
2020-07-23,4270c108e635c67d80af970c4540abdbb003b234,Asian/Pacific-Islander,1414,411
2020-07-23,4270c108e635c67d80af970c4540abdbb003b234,Other/Unknown,1603,338
2020-07-23,4270c108e635c67d80af970c4540abdbb003b234,Data pending,0,16
2020-07-22,6e4171f60a90d5ee309111facbaa278cccb82a86,Hispanic/Latino,5777,1255
2020-07-22,6e4171f60a90d5ee309111facbaa278cccb82a86,Black/African-American,5239,1424
2020-07-22,6e4171f60a90d5ee309111facbaa278cccb82a86,White,4786,1177
2020-07-22,6e4171f60a90d5ee309111facbaa278cccb82a86,Asian/Pacific-Islander,1415,412
2020-07-22,6e4171f60a90d5ee309111facbaa278cccb82a86,Other/Unknown,1586,339
2020-07-22,6e4171f60a90d5ee309111facbaa278cccb82a86,Data pending,0,18
2020-07-21,ef6900beea4eac85128cd117dc83d1319191de08,Hispanic/Latino,5516,1255
2020-07-21,ef6900beea4eac85128cd117dc83d1319191de08,Black/African-American,5090,1424
2020-07-21,ef6900beea4eac85128cd117dc83d1319191de08,White,4698,1178
2020-07-21,ef6900beea4eac85128cd117dc83d1319191de08,Asian/Pacific-Islander,1400,412
2020-07-21,ef6900beea4eac85128cd117dc83d1319191de08,Other/Unknown,2096,338
2020-07-21,ef6900beea4eac85128cd117dc83d1319191de08,Data pending,0,17
2020-07-20,4613dc2bca155e3136d2e204ad89d64a30f7a334,Hispanic/Latino,5754,1256
2020-07-20,4613dc2bca155e3136d2e204ad89d64a30f7a334,Black/African-American,5258,1421
2020-07-20,4613dc2bca155e3136d2e204ad89d64a30f7a334,White,4795,1178
2020-07-20,4613dc2bca155e3136d2e204ad89d64a30f7a334,Asian/Pacific-Islander,1438,412
2020-07-20,4613dc2bca155e3136d2e204ad89d64a30f7a334,Other/Unknown,1542,339
2020-07-20,4613dc2bca155e3136d2e204ad89d64a30f7a334,Data pending,0,18
2020-07-19,b1a629db5ae84d7277e532b203d655e9532720bb,Hispanic/Latino,5750,1257
2020-07-19,b1a629db5ae84d7277e532b203d655e9532720bb,Black/African-American,5256,1421
2020-07-19,b1a629db5ae84d7277e532b203d655e9532720bb,White,4792,1178
2020-07-19,b1a629db5ae84d7277e532b203d655e9532720bb,Asian/Pacific-Islander,1436,412
2020-07-19,b1a629db5ae84d7277e532b203d655e9532720bb,Other/Unknown,1542,338
2020-07-19,b1a629db5ae84d7277e532b203d655e9532720bb,Data pending,0,18
2020-07-18,85349ab6bd47414e436873afd7fba6a45bb6ac12,Hispanic/Latino,5747,1256
2020-07-18,85349ab6bd47414e436873afd7fba6a45bb6ac12,Black/African-American,5251,1421
2020-07-18,85349ab6bd47414e436873afd7fba6a45bb6ac12,White,4790,1177
2020-07-18,85349ab6bd47414e436873afd7fba6a45bb6ac12,Asian/Pacific-Islander,1433,412
2020-07-18,85349ab6bd47414e436873afd7fba6a45bb6ac12,Other/Unknown,1550,337
2020-07-18,85349ab6bd47414e436873afd7fba6a45bb6ac12,Data pending,0,14
2020-07-17,732da3899c7995be809c7034d155e643b8234fde,Hispanic/Latino,5743,1256
2020-07-17,732da3899c7995be809c7034d155e643b8234fde,Black/African-American,5246,1421
2020-07-17,732da3899c7995be809c7034d155e643b8234fde,White,4785,1175
2020-07-17,732da3899c7995be809c7034d155e643b8234fde,Asian/Pacific-Islander,1433,412
2020-07-17,732da3899c7995be809c7034d155e643b8234fde,Other/Unknown,1551,337
2020-07-17,732da3899c7995be809c7034d155e643b8234fde,Data pending,0,18
2020-07-16,884471b3d7fb96a85a500e7360c3eb3d4593cdf4,Hispanic/Latino,5743,1254
2020-07-16,884471b3d7fb96a85a500e7360c3eb3d4593cdf4,Black/African-American,5243,1419
2020-07-16,884471b3d7fb96a85a500e7360c3eb3d4593cdf4,White,4786,1174
2020-07-16,884471b3d7fb96a85a500e7360c3eb3d4593cdf4,Asian/Pacific-Islander,1430,412
2020-07-16,884471b3d7fb96a85a500e7360c3eb3d4593cdf4,Other/Unknown,1552,340
2020-07-16,884471b3d7fb96a85a500e7360c3eb3d4593cdf4,Data pending,0,18
2020-07-15,d9bee1e514769766bfc888c5cf5b56ae7d2fe717,Hispanic/Latino,5742,1253
2020-07-15,d9bee1e514769766bfc888c5cf5b56ae7d2fe717,Black/African-American,5237,1418
2020-07-15,d9bee1e514769766bfc888c5cf5b56ae7d2fe717,White,4779,1174
2020-07-15,d9bee1e514769766bfc888c5cf5b56ae7d2fe717,Asian/Pacific-Islander,1428,412
2020-07-15,d9bee1e514769766bfc888c5cf5b56ae7d2fe717,Other/Unknown,1548,342
2020-07-15,d9bee1e514769766bfc888c5cf5b56ae7d2fe717,Data pending,0,20
2020-07-14,d3060c1cb1d3afddef722b42c6aa683fb90458e3,Hispanic/Latino,5734,1253
2020-07-14,d3060c1cb1d3afddef722b42c6aa683fb90458e3,Black/African-American,5232,1417
2020-07-14,d3060c1cb1d3afddef722b42c6aa683fb90458e3,White,4768,1173
2020-07-14,d3060c1cb1d3afddef722b42c6aa683fb90458e3,Asian/Pacific-Islander,1425,411
2020-07-14,d3060c1cb1d3afddef722b42c6aa683fb90458e3,Other/Unknown,1561,342
2020-07-14,d3060c1cb1d3afddef722b42c6aa683fb90458e3,Data pending,0,20
2020-07-13,f9726f4702d598be69987465de64c516a797fec7,Hispanic/Latino,5729,1253
2020-07-13,f9726f4702d598be69987465de64c516a797fec7,Black/African-American,5231,1417
2020-07-13,f9726f4702d598be69987465de64c516a797fec7,White,4768,1173
2020-07-13,f9726f4702d598be69987465de64c516a797fec7,Asian/Pacific-Islander,1424,411
2020-07-13,f9726f4702d598be69987465de64c516a797fec7,Other/Unknown,1556,342
2020-07-13,f9726f4702d598be69987465de64c516a797fec7,Data pending,0,19
2020-07-12,4f81f2d5e1b6bcd3f01267ffac4259cda7fae689,Hispanic/Latino,5722,1253
2020-07-12,4f81f2d5e1b6bcd3f01267ffac4259cda7fae689,Black/African-American,5226,1418
2020-07-12,4f81f2d5e1b6bcd3f01267ffac4259cda7fae689,White,4754,1174
2020-07-12,4f81f2d5e1b6bcd3f01267ffac4259cda7fae689,Asian/Pacific-Islander,1422,411
2020-07-12,4f81f2d5e1b6bcd3f01267ffac4259cda7fae689,Other/Unknown,1546,342
2020-07-12,4f81f2d5e1b6bcd3f01267ffac4259cda7fae689,Data pending,0,15
2020-07-11,7ecf2cdd35fe3a7a0c3d4129a9888fd4ca8550ed,Hispanic/Latino,5718,1254
2020-07-11,7ecf2cdd35fe3a7a0c3d4129a9888fd4ca8550ed,Black/African-American,5225,1418
2020-07-11,7ecf2cdd35fe3a7a0c3d4129a9888fd4ca8550ed,White,4753,1173
2020-07-11,7ecf2cdd35fe3a7a0c3d4129a9888fd4ca8550ed,Asian/Pacific-Islander,1422,411
2020-07-11,7ecf2cdd35fe3a7a0c3d4129a9888fd4ca8550ed,Other/Unknown,1549,342
2020-07-11,7ecf2cdd35fe3a7a0c3d4129a9888fd4ca8550ed,Data pending,0,13
2020-07-10,70cb39a0b8b78433d26dc8f816d61da78fee75f5,Hispanic/Latino,5714,1254
2020-07-10,70cb39a0b8b78433d26dc8f816d61da78fee75f5,Black/African-American,5220,1418
2020-07-10,70cb39a0b8b78433d26dc8f816d61da78fee75f5,White,4747,1172
2020-07-10,70cb39a0b8b78433d26dc8f816d61da78fee75f5,Asian/Pacific-Islander,1421,411
2020-07-10,70cb39a0b8b78433d26dc8f816d61da78fee75f5,Other/Unknown,1551,341
2020-07-10,70cb39a0b8b78433d26dc8f816d61da78fee75f5,Data pending,0,18
2020-07-09,ce5be7225940034f774ab31d0dc09ba54125642f,Hispanic/Latino,5707,1254
2020-07-09,ce5be7225940034f774ab31d0dc09ba54125642f,Black/African-American,5214,1415
2020-07-09,ce5be7225940034f774ab31d0dc09ba54125642f,White,4744,1172
2020-07-09,ce5be7225940034f774ab31d0dc09ba54125642f,Asian/Pacific-Islander,1420,411
2020-07-09,ce5be7225940034f774ab31d0dc09ba54125642f,Other/Unknown,1552,341
2020-07-09,ce5be7225940034f774ab31d0dc09ba54125642f,Data pending,0,17
2020-07-08,17e76119fc87a656c9ef3729e5e9ac702894b40b,Hispanic/Latino,5705,1254
2020-07-08,17e76119fc87a656c9ef3729e5e9ac702894b40b,Black/African-American,5210,1414
2020-07-08,17e76119fc87a656c9ef3729e5e9ac702894b40b,White,4737,1170
2020-07-08,17e76119fc87a656c9ef3729e5e9ac702894b40b,Asian/Pacific-Islander,1418,411
2020-07-08,17e76119fc87a656c9ef3729e5e9ac702894b40b,Other/Unknown,1548,341
2020-07-08,17e76119fc87a656c9ef3729e5e9ac702894b40b,Data pending,0,16
2020-07-07,7132770488c7ef820ab3c3bc9dd22a3dbe5572fe,Hispanic/Latino,5703,1254
2020-07-07,7132770488c7ef820ab3c3bc9dd22a3dbe5572fe,Black/African-American,5206,1414
2020-07-07,7132770488c7ef820ab3c3bc9dd22a3dbe5572fe,White,4737,1170
2020-07-07,7132770488c7ef820ab3c3bc9dd22a3dbe5572fe,Asian/Pacific-Islander,1419,410
2020-07-07,7132770488c7ef820ab3c3bc9dd22a3dbe5572fe,Other/Unknown,1546,340
2020-07-07,7132770488c7ef820ab3c3bc9dd22a3dbe5572fe,Data pending,0,19
2020-07-06,eda5f92d1396398f7c0abb72c7d0ce189a374281,Hispanic/Latino,5698,1254
2020-07-06,eda5f92d1396398f7c0abb72c7d0ce189a374281,Black/African-American,5199,1413
2020-07-06,eda5f92d1396398f7c0abb72c7d0ce189a374281,White,4732,1170
2020-07-06,eda5f92d1396398f7c0abb72c7d0ce189a374281,Asian/Pacific-Islander,1419,410
2020-07-06,eda5f92d1396398f7c0abb72c7d0ce189a374281,Other/Unknown,1548,340
2020-07-06,eda5f92d1396398f7c0abb72c7d0ce189a374281,Data pending,0,18
2020-07-05,2232fd908e3e32244bf653e51e7684af9c87970b,Hispanic/Latino,5689,1255
2020-07-05,2232fd908e3e32244bf653e51e7684af9c87970b,Black/African-American,5195,1413
2020-07-05,2232fd908e3e32244bf653e51e7684af9c87970b,White,4731,1170
2020-07-05,2232fd908e3e32244bf653e51e7684af9c87970b,Asian/Pacific-Islander,1419,410
2020-07-05,2232fd908e3e32244bf653e51e7684af9c87970b,Other/Unknown,1549,340
2020-07-05,2232fd908e3e32244bf653e51e7684af9c87970b,Data pending,0,19
2020-07-04,72af70695f62b928425560ff002edc372141ca81,Hispanic/Latino,5676,1254
2020-07-04,72af70695f62b928425560ff002edc372141ca81,Black/African-American,5188,1414
2020-07-04,72af70695f62b928425560ff002edc372141ca81,White,4719,1170
2020-07-04,72af70695f62b928425560ff002edc372141ca81,Asian/Pacific-Islander,1418,410
2020-07-04,72af70695f62b928425560ff002edc372141ca81,Other/Unknown,1554,339
2020-07-04,72af70695f62b928425560ff002edc372141ca81,Data pending,0,17
2020-07-03,97b6723d9a02b5f3108b3864ea52627dee92ce68,Hispanic/Latino,5675,1253
2020-07-03,97b6723d9a02b5f3108b3864ea52627dee92ce68,Black/African-American,5183,1414
2020-07-03,97b6723d9a02b5f3108b3864ea52627dee92ce68,White,4712,1169
2020-07-03,97b6723d9a02b5f3108b3864ea52627dee92ce68,Asian/Pacific-Islander,1415,410
2020-07-03,97b6723d9a02b5f3108b3864ea52627dee92ce68,Other/Unknown,1550,340
2020-07-03,97b6723d9a02b5f3108b3864ea52627dee92ce68,Data pending,0,19
2020-07-02,144c474d7b7cb2d2fd1eb7a0c39208453519e311,Hispanic/Latino,5670,1252
2020-07-02,144c474d7b7cb2d2fd1eb7a0c39208453519e311,Black/African-American,5171,1414
2020-07-02,144c474d7b7cb2d2fd1eb7a0c39208453519e311,White,4710,1168
2020-07-02,144c474d7b7cb2d2fd1eb7a0c39208453519e311,Asian/Pacific-Islander,1413,410
2020-07-02,144c474d7b7cb2d2fd1eb7a0c39208453519e311,Other/Unknown,1555,341
2020-07-02,144c474d7b7cb2d2fd1eb7a0c39208453519e311,Data pending,0,19
2020-07-01,41f823d90887251735ad4e6f4814548fc9526606,Hispanic/Latino,5670,1251
2020-07-01,41f823d90887251735ad4e6f4814548fc9526606,Black/African-American,5166,1415
2020-07-01,41f823d90887251735ad4e6f4814548fc9526606,White,4702,1167
2020-07-01,41f823d90887251735ad4e6f4814548fc9526606,Asian/Pacific-Islander,1412,409
2020-07-01,41f823d90887251735ad4e6f4814548fc9526606,Other/Unknown,1547,340
2020-07-01,41f823d90887251735ad4e6f4814548fc9526606,Data pending,0,25
2020-06-30,695e5fbdada25273f13b4af024f96e37f8503efc,Hispanic/Latino,5658,1251
2020-06-30,695e5fbdada25273f13b4af024f96e37f8503efc,Black/African-American,5167,1414
2020-06-30,695e5fbdada25273f13b4af024f96e37f8503efc,White,4698,1168
2020-06-30,695e5fbdada25273f13b4af024f96e37f8503efc,Asian/Pacific-Islander,1412,409
2020-06-30,695e5fbdada25273f13b4af024f96e37f8503efc,Other/Unknown,1557,340
2020-06-30,695e5fbdada25273f13b4af024f96e37f8503efc,Data pending,0,22
2020-06-28,f78cda145befd762b6644b2f57fa47bbc9ce92e3,Hispanic/Latino,5496,1262
2020-06-28,f78cda145befd762b6644b2f57fa47bbc9ce92e3,Black/African-American,4956,1459
2020-06-28,f78cda145befd762b6644b2f57fa47bbc9ce92e3,White,4497,1169
2020-06-28,f78cda145befd762b6644b2f57fa47bbc9ce92e3,Asian/Pacific-Islander,1354,411
2020-06-28,f78cda145befd762b6644b2f57fa47bbc9ce92e3,Other/Unknown,1497,343
2020-06-28,f78cda145befd762b6644b2f57fa47bbc9ce92e3,Data pending,0,26
2020-06-27,5d87847b9fd6da73ff5c1ba03dada0b624b60744,Hispanic/Latino,5491,1259
2020-06-27,5d87847b9fd6da73ff5c1ba03dada0b624b60744,Black/African-American,4943,1455
2020-06-27,5d87847b9fd6da73ff5c1ba03dada0b624b60744,White,4491,1169
2020-06-27,5d87847b9fd6da73ff5c1ba03dada0b624b60744,Asian/Pacific-Islander,1354,411
2020-06-27,5d87847b9fd6da73ff5c1ba03dada0b624b60744,Other/Unknown,1500,343
2020-06-27,5d87847b9fd6da73ff5c1ba03dada0b624b60744,Data pending,0,25
2020-06-26,7e1c437a15155923cdd3661efe3d363feb934be0,Hispanic/Latino,5478,1259
2020-06-26,7e1c437a15155923cdd3661efe3d363feb934be0,Black/African-American,4932,1454
2020-06-26,7e1c437a15155923cdd3661efe3d363feb934be0,White,4483,1169
2020-06-26,7e1c437a15155923cdd3661efe3d363feb934be0,Asian/Pacific-Islander,1348,411
2020-06-26,7e1c437a15155923cdd3661efe3d363feb934be0,Other/Unknown,1512,343
2020-06-26,7e1c437a15155923cdd3661efe3d363feb934be0,Data pending,0,32
2020-06-25,296486db8a787e8da20e73bae33f7705e01fbb6b,Hispanic/Latino,5469,1258
2020-06-25,296486db8a787e8da20e73bae33f7705e01fbb6b,Black/African-American,4918,1454
2020-06-25,296486db8a787e8da20e73bae33f7705e01fbb6b,White,4474,1169
2020-06-25,296486db8a787e8da20e73bae33f7705e01fbb6b,Asian/Pacific-Islander,1346,411
2020-06-25,296486db8a787e8da20e73bae33f7705e01fbb6b,Other/Unknown,1508,343
2020-06-25,296486db8a787e8da20e73bae33f7705e01fbb6b,Data pending,0,34
2020-06-24,be46b4e48653c29fab890473672cd7d7e0c7e59c,Hispanic/Latino,5452,1256
2020-06-24,be46b4e48653c29fab890473672cd7d7e0c7e59c,Black/African-American,4907,1459
2020-06-24,be46b4e48653c29fab890473672cd7d7e0c7e59c,White,4457,1169
2020-06-24,be46b4e48653c29fab890473672cd7d7e0c7e59c,Asian/Pacific-Islander,1342,411
2020-06-24,be46b4e48653c29fab890473672cd7d7e0c7e59c,Other/Unknown,1527,345
2020-06-24,be46b4e48653c29fab890473672cd7d7e0c7e59c,Data pending,0,40
2020-06-23,cf508e8fe08ddff44a847c1b54209c598b88c913,Hispanic/Latino,5451,1257
2020-06-23,cf508e8fe08ddff44a847c1b54209c598b88c913,Black/African-American,4900,1458
2020-06-23,cf508e8fe08ddff44a847c1b54209c598b88c913,White,4448,1171
2020-06-23,cf508e8fe08ddff44a847c1b54209c598b88c913,Asian/Pacific-Islander,1347,410
2020-06-23,cf508e8fe08ddff44a847c1b54209c598b88c913,Other/Unknown,1511,347
2020-06-23,cf508e8fe08ddff44a847c1b54209c598b88c913,Data pending,0,43
2020-06-22,cc87cd44bbae0b365e7ec83d25f9ad5bc6b72778,Hispanic/Latino,5432,1255
2020-06-22,cc87cd44bbae0b365e7ec83d25f9ad5bc6b72778,Black/African-American,4893,1457
2020-06-22,cc87cd44bbae0b365e7ec83d25f9ad5bc6b72778,White,4441,1171
2020-06-22,cc87cd44bbae0b365e7ec83d25f9ad5bc6b72778,Asian/Pacific-Islander,1344,411
2020-06-22,cc87cd44bbae0b365e7ec83d25f9ad5bc6b72778,Other/Unknown,1526,349
2020-06-22,cc87cd44bbae0b365e7ec83d25f9ad5bc6b72778,Data pending,0,42
2020-06-21,deac492572f142ff768b0f377798512b7d71319a,Hispanic/Latino,5420,1256
2020-06-21,deac492572f142ff768b0f377798512b7d71319a,Black/African-American,4886,1457
2020-06-21,deac492572f142ff768b0f377798512b7d71319a,White,4430,1172
2020-06-21,deac492572f142ff768b0f377798512b7d71319a,Asian/Pacific-Islander,1342,411
2020-06-21,deac492572f142ff768b0f377798512b7d71319a,Other/Unknown,1518,350
2020-06-21,deac492572f142ff768b0f377798512b7d71319a,Data pending,0,36
2020-06-20,1e719a7f7e0db540be277d2f6cf18badc3088ee9,Hispanic/Latino,5416,1253
2020-06-20,1e719a7f7e0db540be277d2f6cf18badc3088ee9,Black/African-American,4878,1457
2020-06-20,1e719a7f7e0db540be277d2f6cf18badc3088ee9,White,4417,1171
2020-06-20,1e719a7f7e0db540be277d2f6cf18badc3088ee9,Asian/Pacific-Islander,1342,410
2020-06-20,1e719a7f7e0db540be277d2f6cf18badc3088ee9,Other/Unknown,1510,350
2020-06-20,1e719a7f7e0db540be277d2f6cf18badc3088ee9,Data pending,0,40
2020-06-19,7e6195efe0a081ecdf33a7f2ec003d9230268c12,Hispanic/Latino,5405,1253
2020-06-19,7e6195efe0a081ecdf33a7f2ec003d9230268c12,Black/African-American,4872,1455
2020-06-19,7e6195efe0a081ecdf33a7f2ec003d9230268c12,White,4409,1171
2020-06-19,7e6195efe0a081ecdf33a7f2ec003d9230268c12,Asian/Pacific-Islander,1337,410
2020-06-19,7e6195efe0a081ecdf33a7f2ec003d9230268c12,Other/Unknown,1523,351
2020-06-19,7e6195efe0a081ecdf33a7f2ec003d9230268c12,Data pending,0,50
2020-06-18,ef7b0a53f3f2007fbc98d201a0bec962af06af42,Hispanic/Latino,5401,1251
2020-06-18,ef7b0a53f3f2007fbc98d201a0bec962af06af42,Black/African-American,4862,1454
2020-06-18,ef7b0a53f3f2007fbc98d201a0bec962af06af42,White,4402,1170
2020-06-18,ef7b0a53f3f2007fbc98d201a0bec962af06af42,Asian/Pacific-Islander,1336,409
2020-06-18,ef7b0a53f3f2007fbc98d201a0bec962af06af42,Other/Unknown,1506,351
2020-06-18,ef7b0a53f3f2007fbc98d201a0bec962af06af42,Data pending,0,57
2020-06-17,9139cf24bd5501cbdff732f4738930ebf2d21ee4,Hispanic/Latino,5394,1251
2020-06-17,9139cf24bd5501cbdff732f4738930ebf2d21ee4,Black/African-American,4855,1448
2020-06-17,9139cf24bd5501cbdff732f4738930ebf2d21ee4,White,4397,1169
2020-06-17,9139cf24bd5501cbdff732f4738930ebf2d21ee4,Asian/Pacific-Islander,1333,409
2020-06-17,9139cf24bd5501cbdff732f4738930ebf2d21ee4,Other/Unknown,1508,351
2020-06-17,9139cf24bd5501cbdff732f4738930ebf2d21ee4,Data pending,0,56
2020-06-16,a86f0bf54cf761a0756e99d24fd037c04cb0a2ec,Hispanic/Latino,5389,1250
2020-06-16,a86f0bf54cf761a0756e99d24fd037c04cb0a2ec,Black/African-American,4841,1447
2020-06-16,a86f0bf54cf761a0756e99d24fd037c04cb0a2ec,White,4389,1167
2020-06-16,a86f0bf54cf761a0756e99d24fd037c04cb0a2ec,Asian/Pacific-Islander,1330,408
2020-06-16,a86f0bf54cf761a0756e99d24fd037c04cb0a2ec,Other/Unknown,1506,352
2020-06-16,a86f0bf54cf761a0756e99d24fd037c04cb0a2ec,Data pending,0,66
2020-06-15,8ebc7a35f37f2ed2310574ea5b2e4047163c8265,Hispanic/Latino,5367,1248
2020-06-15,8ebc7a35f37f2ed2310574ea5b2e4047163c8265,Black/African-American,4839,1446
2020-06-15,8ebc7a35f37f2ed2310574ea5b2e4047163c8265,White,4385,1168
2020-06-15,8ebc7a35f37f2ed2310574ea5b2e4047163c8265,Asian/Pacific-Islander,1328,408
2020-06-15,8ebc7a35f37f2ed2310574ea5b2e4047163c8265,Other/Unknown,1514,354
2020-06-15,8ebc7a35f37f2ed2310574ea5b2e4047163c8265,Data pending,0,67
2020-06-14,9913aec646fd3eb47b9a84afaf4db3f231b0c3a9,Hispanic/Latino,5355,1246
2020-06-14,9913aec646fd3eb47b9a84afaf4db3f231b0c3a9,Black/African-American,4828,1445
2020-06-14,9913aec646fd3eb47b9a84afaf4db3f231b0c3a9,White,4376,1168
2020-06-14,9913aec646fd3eb47b9a84afaf4db3f231b0c3a9,Asian/Pacific-Islander,1326,408
2020-06-14,9913aec646fd3eb47b9a84afaf4db3f231b0c3a9,Other/Unknown,1530,355
2020-06-14,9913aec646fd3eb47b9a84afaf4db3f231b0c3a9,Data pending,0,66
2020-06-13,9b7a380c44801db4cf3fdd87fe97747542e20e03,Hispanic/Latino,5353,1242
2020-06-13,9b7a380c44801db4cf3fdd87fe97747542e20e03,Black/African-American,4820,1442
2020-06-13,9b7a380c44801db4cf3fdd87fe97747542e20e03,White,4369,1168
2020-06-13,9b7a380c44801db4cf3fdd87fe97747542e20e03,Asian/Pacific-Islander,1325,405
2020-06-13,9b7a380c44801db4cf3fdd87fe97747542e20e03,Other/Unknown,1521,355
2020-06-13,9b7a380c44801db4cf3fdd87fe97747542e20e03,Data pending,0,76
2020-06-12,b92f6e5cd8d625fba712128a54da8236694c5941,Hispanic/Latino,5345,1241
2020-06-12,b92f6e5cd8d625fba712128a54da8236694c5941,Black/African-American,4804,1442
2020-06-12,b92f6e5cd8d625fba712128a54da8236694c5941,White,4355,1164
2020-06-12,b92f6e5cd8d625fba712128a54da8236694c5941,Asian/Pacific-Islander,1323,404
2020-06-12,b92f6e5cd8d625fba712128a54da8236694c5941,Other/Unknown,1524,356
2020-06-12,b92f6e5cd8d625fba712128a54da8236694c5941,Data pending,0,85
2020-06-11,b6ae2b94fb0f32283201433147a6f07d0aa14815,Hispanic/Latino,5330,1239
2020-06-11,b6ae2b94fb0f32283201433147a6f07d0aa14815,Black/African-American,4786,1441
2020-06-11,b6ae2b94fb0f32283201433147a6f07d0aa14815,White,4347,1163
2020-06-11,b6ae2b94fb0f32283201433147a6f07d0aa14815,Asian/Pacific-Islander,1321,404
2020-06-11,b6ae2b94fb0f32283201433147a6f07d0aa14815,Other/Unknown,1516,356
2020-06-11,b6ae2b94fb0f32283201433147a6f07d0aa14815,Data pending,0,90
2020-06-10,b820b687f7b032763fbb38b59d79f512dc3971df,Hispanic/Latino,5322,1236
2020-06-10,b820b687f7b032763fbb38b59d79f512dc3971df,Black/African-American,4772,1440
2020-06-10,b820b687f7b032763fbb38b59d79f512dc3971df,White,4340,1163
2020-06-10,b820b687f7b032763fbb38b59d79f512dc3971df,Asian/Pacific-Islander,1316,404
2020-06-10,b820b687f7b032763fbb38b59d79f512dc3971df,Other/Unknown,1505,360
2020-06-10,b820b687f7b032763fbb38b59d79f512dc3971df,Data pending,0,102
2020-06-09,5ecc5d16eeb6f8202c3457bea892cfe8eea5dab9,Hispanic/Latino,5301,1235
2020-06-09,5ecc5d16eeb6f8202c3457bea892cfe8eea5dab9,Black/African-American,4759,1435
2020-06-09,5ecc5d16eeb6f8202c3457bea892cfe8eea5dab9,White,4325,1161
2020-06-09,5ecc5d16eeb6f8202c3457bea892cfe8eea5dab9,Asian/Pacific-Islander,1313,404
2020-06-09,5ecc5d16eeb6f8202c3457bea892cfe8eea5dab9,Other/Unknown,1505,363
2020-06-09,5ecc5d16eeb6f8202c3457bea892cfe8eea5dab9,Data pending,0,117
2020-06-08,3f21405a00bf7c93db5a5209b44886882feb30a6,Hispanic/Latino,5287,1236
2020-06-08,3f21405a00bf7c93db5a5209b44886882feb30a6,Black/African-American,4747,1436
2020-06-08,3f21405a00bf7c93db5a5209b44886882feb30a6,White,4321,1160
2020-06-08,3f21405a00bf7c93db5a5209b44886882feb30a6,Asian/Pacific-Islander,1309,404
2020-06-08,3f21405a00bf7c93db5a5209b44886882feb30a6,Other/Unknown,1505,361
2020-06-08,3f21405a00bf7c93db5a5209b44886882feb30a6,Data pending,0,111
2020-06-07,6328e0b130a4dee1f6140ed3aa8264168d2a925f,Hispanic/Latino,5282,1234
2020-06-07,6328e0b130a4dee1f6140ed3aa8264168d2a925f,Black/African-American,4733,1436
2020-06-07,6328e0b130a4dee1f6140ed3aa8264168d2a925f,White,4313,1159
2020-06-07,6328e0b130a4dee1f6140ed3aa8264168d2a925f,Asian/Pacific-Islander,1307,403
2020-06-07,6328e0b130a4dee1f6140ed3aa8264168d2a925f,Other/Unknown,1511,360
2020-06-07,6328e0b130a4dee1f6140ed3aa8264168d2a925f,Data pending,0,106
2020-06-06,9e0c1fe569b09ebddbccd6c9f6d519e28920e86a,Hispanic/Latino,5319,1232
2020-06-06,9e0c1fe569b09ebddbccd6c9f6d519e28920e86a,Black/African-American,4716,1440
2020-06-06,9e0c1fe569b09ebddbccd6c9f6d519e28920e86a,White,4274,1156
2020-06-06,9e0c1fe569b09ebddbccd6c9f6d519e28920e86a,Asian/Pacific-Islander,1301,403
2020-06-06,9e0c1fe569b09ebddbccd6c9f6d519e28920e86a,Other/Unknown,1503,359
2020-06-06,9e0c1fe569b09ebddbccd6c9f6d519e28920e86a,Data pending,0,112
2020-06-05,582977c6b9e14f048305403e1b830145e0669a5e,Hispanic/Latino,5211,1230
2020-06-05,582977c6b9e14f048305403e1b830145e0669a5e,Black/African-American,4730,1434
2020-06-05,582977c6b9e14f048305403e1b830145e0669a5e,White,4300,1151
2020-06-05,582977c6b9e14f048305403e1b830145e0669a5e,Asian/Pacific-Islander,1315,403
2020-06-05,582977c6b9e14f048305403e1b830145e0669a5e,Other/Unknown,1499,366
2020-06-05,582977c6b9e14f048305403e1b830145e0669a5e,Data pending,0,143
2020-06-04,f094fb20c7843f218cea3bc47a06ebe8055d6127,Hispanic/Latino,5175,1229
2020-06-04,f094fb20c7843f218cea3bc47a06ebe8055d6127,Black/African-American,4722,1433
2020-06-04,f094fb20c7843f218cea3bc47a06ebe8055d6127,White,4285,1156
2020-06-04,f094fb20c7843f218cea3bc47a06ebe8055d6127,Asian/Pacific-Islander,1321,403
2020-06-04,f094fb20c7843f218cea3bc47a06ebe8055d6127,Other/Unknown,1489,370
2020-06-04,f094fb20c7843f218cea3bc47a06ebe8055d6127,Data pending,0,169
2020-06-03,eb3b8e99cb07bb04ff7b73c2d86e45ae68a4aab7,Hispanic/Latino,5161,1222
2020-06-03,eb3b8e99cb07bb04ff7b73c2d86e45ae68a4aab7,Black/African-American,4704,1425
2020-06-03,eb3b8e99cb07bb04ff7b73c2d86e45ae68a4aab7,White,4272,1149
2020-06-03,eb3b8e99cb07bb04ff7b73c2d86e45ae68a4aab7,Asian/Pacific-Islander,1319,403
2020-06-03,eb3b8e99cb07bb04ff7b73c2d86e45ae68a4aab7,Other/Unknown,1477,371
2020-06-03,eb3b8e99cb07bb04ff7b73c2d86e45ae68a4aab7,Data pending,0,185
2020-06-02,53f5d7935feb50fe87132c928f45455af4149407,Hispanic/Latino,5146,1218
2020-06-02,53f5d7935feb50fe87132c928f45455af4149407,Black/African-American,4698,1421
2020-06-02,53f5d7935feb50fe87132c928f45455af4149407,White,4259,1144
2020-06-02,53f5d7935feb50fe87132c928f45455af4149407,Asian/Pacific-Islander,1314,402
2020-06-02,53f5d7935feb50fe87132c928f45455af4149407,Other/Unknown,1475,374
2020-06-02,53f5d7935feb50fe87132c928f45455af4149407,Data pending,0,198
2020-06-01,62444c1cbfda69c28ed468d14be3f332ea35eea7,Hispanic/Latino,5136,1215
2020-06-01,62444c1cbfda69c28ed468d14be3f332ea35eea7,Black/African-American,4696,1416
2020-06-01,62444c1cbfda69c28ed468d14be3f332ea35eea7,White,4264,1142
2020-06-01,62444c1cbfda69c28ed468d14be3f332ea35eea7,Asian/Pacific-Islander,1316,402
2020-06-01,62444c1cbfda69c28ed468d14be3f332ea35eea7,Other/Unknown,1470,373
2020-06-01,62444c1cbfda69c28ed468d14be3f332ea35eea7,Data pending,0,177
2020-05-31,9b5cd4d9259587d41017804dda6589a7b2ab5b3c,Hispanic/Latino,5114,1211
2020-05-31,9b5cd4d9259587d41017804dda6589a7b2ab5b3c,Black/African-American,4687,1410
2020-05-31,9b5cd4d9259587d41017804dda6589a7b2ab5b3c,White,4256,1141
2020-05-31,9b5cd4d9259587d41017804dda6589a7b2ab5b3c,Asian/Pacific-Islander,1313,402
2020-05-31,9b5cd4d9259587d41017804dda6589a7b2ab5b3c,Other/Unknown,1478,370
2020-05-31,9b5cd4d9259587d41017804dda6589a7b2ab5b3c,Data pending,0,187
2020-05-30,3e9a27ce96a59d9107295ade2b2d7255e605b47b,Hispanic/Latino,5086,1208
2020-05-30,3e9a27ce96a59d9107295ade2b2d7255e605b47b,Black/African-American,4669,1405
2020-05-30,3e9a27ce96a59d9107295ade2b2d7255e605b47b,White,4243,1137
2020-05-30,3e9a27ce96a59d9107295ade2b2d7255e605b47b,Asian/Pacific-Islander,1311,401
2020-05-30,3e9a27ce96a59d9107295ade2b2d7255e605b47b,Other/Unknown,1476,371
2020-05-30,3e9a27ce96a59d9107295ade2b2d7255e605b47b,Data pending,0,205
2020-05-29,8636c5557e93e0c5f35b8c2f8ae1ed1e1077d469,Hispanic/Latino,5070,1206
2020-05-29,8636c5557e93e0c5f35b8c2f8ae1ed1e1077d469,Black/African-American,4652,1399
2020-05-29,8636c5557e93e0c5f35b8c2f8ae1ed1e1077d469,White,4225,1135
2020-05-29,8636c5557e93e0c5f35b8c2f8ae1ed1e1077d469,Asian/Pacific-Islander,1302,401
2020-05-29,8636c5557e93e0c5f35b8c2f8ae1ed1e1077d469,Other/Unknown,1488,370
2020-05-29,8636c5557e93e0c5f35b8c2f8ae1ed1e1077d469,Data pending,0,229
2020-05-28,65efb1f75b2714bf06fc2e76fba22315727f6943,Hispanic/Latino,5043,1198
2020-05-28,65efb1f75b2714bf06fc2e76fba22315727f6943,Black/African-American,4636,1394
2020-05-28,65efb1f75b2714bf06fc2e76fba22315727f6943,White,4208,1129
2020-05-28,65efb1f75b2714bf06fc2e76fba22315727f6943,Asian/Pacific-Islander,1298,400
2020-05-28,65efb1f75b2714bf06fc2e76fba22315727f6943,Other/Unknown,1488,373
2020-05-28,65efb1f75b2714bf06fc2e76fba22315727f6943,Data pending,0,248
2020-05-27,498a068d6ca1765231b8526a5529ec552a0daff7,Hispanic/Latino,5026,1191
2020-05-27,498a068d6ca1765231b8526a5529ec552a0daff7,Black/African-American,4623,1381
2020-05-27,498a068d6ca1765231b8526a5529ec552a0daff7,White,4188,1128
2020-05-27,498a068d6ca1765231b8526a5529ec552a0daff7,Asian/Pacific-Islander,1295,399
2020-05-27,498a068d6ca1765231b8526a5529ec552a0daff7,Other/Unknown,1478,376
2020-05-27,498a068d6ca1765231b8526a5529ec552a0daff7,Data pending,0,277
2020-05-26,d52fdfe48dc9b8fe446df048c681b9c19555e469,Hispanic/Latino,5012,1189
2020-05-26,d52fdfe48dc9b8fe446df048c681b9c19555e469,Black/African-American,4607,1379
2020-05-26,d52fdfe48dc9b8fe446df048c681b9c19555e469,White,4177,1129
2020-05-26,d52fdfe48dc9b8fe446df048c681b9c19555e469,Asian/Pacific-Islander,1296,399
2020-05-26,d52fdfe48dc9b8fe446df048c681b9c19555e469,Other/Unknown,1473,379
2020-05-26,d52fdfe48dc9b8fe446df048c681b9c19555e469,Data pending,0,274
2020-05-25,f19c0bc29137b7a1c503c09ec0c2b2e08d27d439,Hispanic/Latino,4995,1194
2020-05-25,f19c0bc29137b7a1c503c09ec0c2b2e08d27d439,Black/African-American,4584,1383
2020-05-25,f19c0bc29137b7a1c503c09ec0c2b2e08d27d439,White,4157,1134
2020-05-25,f19c0bc29137b7a1c503c09ec0c2b2e08d27d439,Asian/Pacific-Islander,1285,400
2020-05-25,f19c0bc29137b7a1c503c09ec0c2b2e08d27d439,Other/Unknown,1461,385
2020-05-25,f19c0bc29137b7a1c503c09ec0c2b2e08d27d439,Data pending,0,281
2020-05-24,9332798c68db780365109f156892efc3d9315485,Hispanic/Latino,4962,1189
2020-05-24,9332798c68db780365109f156892efc3d9315485,Black/African-American,4577,1380
2020-05-24,9332798c68db780365109f156892efc3d9315485,White,4152,1125
2020-05-24,9332798c68db780365109f156892efc3d9315485,Asian/Pacific-Islander,1279,399
2020-05-24,9332798c68db780365109f156892efc3d9315485,Other/Unknown,1499,382
2020-05-24,9332798c68db780365109f156892efc3d9315485,Data pending,0,272
2020-05-23,8d88b2c06cf6b65676d58b28979731faa10c193c,Hispanic/Latino,4936,1185
2020-05-23,8d88b2c06cf6b65676d58b28979731faa10c193c,Black/African-American,4548,1377
2020-05-23,8d88b2c06cf6b65676d58b28979731faa10c193c,White,4139,1122
2020-05-23,8d88b2c06cf6b65676d58b28979731faa10c193c,Asian/Pacific-Islander,1276,397
2020-05-23,8d88b2c06cf6b65676d58b28979731faa10c193c,Other/Unknown,1504,385
2020-05-23,8d88b2c06cf6b65676d58b28979731faa10c193c,Data pending,0,269
2020-05-22,3cbb3b744ed90befb37ea7680fac3aa7f782bb30,Hispanic/Latino,4897,1175
2020-05-22,3cbb3b744ed90befb37ea7680fac3aa7f782bb30,Black/African-American,4525,1370
2020-05-22,3cbb3b744ed90befb37ea7680fac3aa7f782bb30,White,4120,1117
2020-05-22,3cbb3b744ed90befb37ea7680fac3aa7f782bb30,Asian/Pacific-Islander,1262,395
2020-05-22,3cbb3b744ed90befb37ea7680fac3aa7f782bb30,Other/Unknown,1529,393
2020-05-22,3cbb3b744ed90befb37ea7680fac3aa7f782bb30,Data pending,0,303
2020-05-21,d3a18736ecd9589ab4db24f8cdf76fd40b82c661,Hispanic/Latino,4855,1172
2020-05-21,d3a18736ecd9589ab4db24f8cdf76fd40b82c661,Black/African-American,4494,1366
2020-05-21,d3a18736ecd9589ab4db24f8cdf76fd40b82c661,White,4090,1116
2020-05-21,d3a18736ecd9589ab4db24f8cdf76fd40b82c661,Asian/Pacific-Islander,1251,393
2020-05-21,d3a18736ecd9589ab4db24f8cdf76fd40b82c661,Other/Unknown,1542,395
2020-05-21,d3a18736ecd9589ab4db24f8cdf76fd40b82c661,Data pending,0,329
2020-05-20,0c4a03c9a39470b49a60eb1456c64fb0df9e08f8,Hispanic/Latino,4819,1166
2020-05-20,0c4a03c9a39470b49a60eb1456c64fb0df9e08f8,Black/African-American,4463,1358
2020-05-20,0c4a03c9a39470b49a60eb1456c64fb0df9e08f8,White,4069,1109
2020-05-20,0c4a03c9a39470b49a60eb1456c64fb0df9e08f8,Asian/Pacific-Islander,1246,391
2020-05-20,0c4a03c9a39470b49a60eb1456c64fb0df9e08f8,Other/Unknown,1556,390
2020-05-20,0c4a03c9a39470b49a60eb1456c64fb0df9e08f8,Data pending,0,367
2020-05-19,a68f42fe3615eaf3d36df219059eb94595cee933,Hispanic/Latino,4785,1153
2020-05-19,a68f42fe3615eaf3d36df219059eb94595cee933,Black/African-American,4436,1348
2020-05-19,a68f42fe3615eaf3d36df219059eb94595cee933,White,4028,1104
2020-05-19,a68f42fe3615eaf3d36df219059eb94595cee933,Asian/Pacific-Islander,1228,388
2020-05-19,a68f42fe3615eaf3d36df219059eb94595cee933,Other/Unknown,1582,387
2020-05-19,a68f42fe3615eaf3d36df219059eb94595cee933,Data pending,0,448
2020-05-18,50e60ee5c8f36198abc9b697761128dd29f10fc9,Hispanic/Latino,4746,1153
2020-05-18,50e60ee5c8f36198abc9b697761128dd29f10fc9,Black/African-American,4409,1347
2020-05-18,50e60ee5c8f36198abc9b697761128dd29f10fc9,White,4039,1101
2020-05-18,50e60ee5c8f36198abc9b697761128dd29f10fc9,Asian/Pacific-Islander,1220,389
2020-05-18,50e60ee5c8f36198abc9b697761128dd29f10fc9,Other/Unknown,1569,384
2020-05-18,50e60ee5c8f36198abc9b697761128dd29f10fc9,Data pending,0,449
