Date,RACE_GROUP,CASE_RATE_ADJ,HOSPITALIZED_RATE_ADJ,DEATH_RATE_ADJ,CASE_COUNT,HOSPITALIZED_COUNT,DEATH_COUNT
2020-11-23,Asian/Pacific-Islander,1023.49,295.24,109.17,13756,4102,1460
2020-11-23,Black/African-American,2071.9,752.13,247.59,41483,16039,5389
2020-11-23,Hispanic/Latino,2416.47,756.07,264.74,58412,17862,6022
2020-11-23,White,1608.65,361.61,126.61,47582,12827,4993
2020-11-23,Totals,7120.51,2165.05,748.11,161233,50830,17864
2020-11-22,Asian/Pacific-Islander,1003.9,293.74,109.14,13507,4082,1460
2020-11-22,Black/African-American,2054.55,750.12,247.53,41160,15997,5388
2020-11-22,Hispanic/Latino,2379.07,753.89,264.66,57499,17811,6020
2020-11-22,White,1581.21,359.26,126.48,46841,12753,4988
2020-11-22,Totals,7018.7300000000005,2157.01,747.8100000000001,159007,50643,17856
2020-11-21,Asian/Pacific-Islander,1003.17,293.31,109.05,13499,4077,1459
2020-11-21,Black/African-American,2053.4,749.48,247.43,41138,15983,5386
2020-11-21,Hispanic/Latino,2378.11,753.31,264.58,57475,17796,6018
2020-11-21,White,1579.37,358.81,126.44,46792,12739,4986
2020-11-21,Totals,7014.05,2154.91,747.5,158904,50595,17849
2020-11-20,Asian/Pacific-Islander,996.22,292.72,109.05,13407,4070,1459
2020-11-20,Black/African-American,2045.48,748.6,247.46,40985,15965,5386
2020-11-20,Hispanic/Latino,2364.69,752.32,264.4,57148,17773,6014
2020-11-20,White,1569.25,358.23,126.26,46532,12720,4979
2020-11-20,Totals,6975.639999999999,2151.8700000000003,747.17,158072,50528,17838
2020-11-19,Asian/Pacific-Islander,987.61,292.04,108.97,13298,4061,1458
2020-11-19,Black/African-American,2038.43,747.53,247.31,40847,15944,5383
2020-11-19,Hispanic/Latino,2345.96,750.77,264.09,56691,17734,6007
2020-11-19,White,1558.59,357.69,126.07,46247,12701,4972
2020-11-19,Totals,6930.59,2148.0299999999997,746.4399999999998,157083,50440,17820
2020-11-18,Asian/Pacific-Islander,980.44,290.6,108.76,13208,4042,1455
2020-11-18,Black/African-American,2031.38,745.98,246.95,40714,15913,5376
2020-11-18,Hispanic/Latino,2332.88,748.8,264.06,56375,17687,6006
2020-11-18,White,1548.98,356.43,125.95,45991,12662,4967
2020-11-18,Totals,6893.68,2141.81,745.72,156288,50304,17804
2020-11-17,Asian/Pacific-Islander,972.7,290.58,108.55,13108,4041,1452
2020-11-17,Black/African-American,2024.42,745.74,246.93,40581,15907,5375
2020-11-17,Hispanic/Latino,2318.16,747.74,263.95,56017,17663,6003
2020-11-17,White,1538.02,356.25,125.77,45695,12656,4959
2020-11-17,Totals,6853.299999999999,2140.31,745.2,155401,50267,17789
2020-11-16,Asian/Pacific-Islander,965.89,289.86,108.55,13018,4031,1452
2020-11-16,Black/African-American,2018.36,745.02,246.88,40467,15892,5374
2020-11-16,Hispanic/Latino,2309.04,746.91,263.94,55795,17644,6003
2020-11-16,White,1528.92,355.52,125.65,45449,12631,4955
2020-11-16,Totals,6822.21,2137.31,745.02,154729,50198,17784
2020-11-15,Asian/Pacific-Islander,957.34,289.17,108.52,12908,4022,1452
2020-11-15,Black/African-American,2010.98,744.44,246.72,40329,15879,5371
2020-11-15,Hispanic/Latino,2296.0,746.17,263.98,55478,17627,6004
2020-11-15,White,1516.19,354.98,125.63,45113,12608,4954
2020-11-15,Totals,6780.51,2134.76,744.85,153828,50136,17781
2020-11-14,Asian/Pacific-Islander,951.54,288.77,108.52,12827,4016,1452
2020-11-14,Black/African-American,2003.85,743.9,246.49,40198,15868,5366
2020-11-14,Hispanic/Latino,2283.27,745.63,263.83,55169,17614,6001
2020-11-14,White,1505.13,354.43,125.55,44810,12591,4951
2020-11-14,Totals,6743.79,2132.73,744.3899999999999,153004,50089,17770
2020-11-13,Asian/Pacific-Islander,943.57,288.02,108.31,12730,4005,1449
2020-11-13,Black/African-American,1996.04,743.01,246.44,40049,15851,5365
2020-11-13,Hispanic/Latino,2269.67,743.95,263.68,54840,17574,5998
2020-11-13,White,1496.94,353.62,125.5,44596,12567,4949
2020-11-13,Totals,6706.220000000001,2128.6,743.9300000000001,152215,49997,17761
2020-11-12,Asian/Pacific-Islander,920.97,286.77,108.22,12444,3988,1448
2020-11-12,Black/African-American,1978.27,741.8,246.4,39717,15826,5364
2020-11-12,Hispanic/Latino,2228.51,741.16,263.56,53833,17506,5995
2020-11-12,White,1462.48,352.36,125.45,43691,12518,4947
2020-11-12,Totals,6590.23,2122.09,743.6300000000001,149685,49838,17754
2020-11-11,Asian/Pacific-Islander,919.97,286.63,108.22,12431,3986,1448
2020-11-11,Black/African-American,1977.53,741.63,246.41,39702,15822,5364
2020-11-11,Hispanic/Latino,2227.43,741.09,263.52,53806,17504,5994
2020-11-11,White,1460.71,352.28,125.43,43640,12514,4946
2020-11-11,Totals,6585.64,2121.63,743.5799999999999,149579,49826,17752
2020-11-10,Asian/Pacific-Islander,920.61,284.42,107.93,12439,3955,1444
2020-11-10,Black/African-American,1978.2,733.14,246.37,39716,15652,5363
2020-11-10,Hispanic/Latino,2228.22,732.35,263.47,53825,17296,5993
2020-11-10,White,1461.92,347.87,125.43,43671,12363,4945
2020-11-10,Totals,6588.95,2097.7799999999997,743.2,149651,49266,17745
2020-11-09,Asian/Pacific-Islander,919.55,286.54,107.79,12427,3984,1442
2020-11-09,Black/African-American,1977.08,741.24,246.46,39696,15815,5365
2020-11-09,Hispanic/Latino,2226.8,740.89,263.53,53787,17499,5994
2020-11-09,White,1460.42,351.81,125.31,43632,12498,4942
2020-11-09,Totals,6583.85,2120.48,743.0899999999999,149542,49796,17743
2020-11-09,Asian/Pacific-Islander,918.44,286.54,107.79,12413,3984,1442
2020-11-09,Black/African-American,1975.51,741.11,246.46,39667,15812,5365
2020-11-09,Hispanic/Latino,2225.31,740.72,263.53,53751,17495,5994
2020-11-09,White,1458.22,351.79,125.31,43566,12497,4942
2020-11-09,Totals,6577.4800000000005,2120.1600000000003,743.0899999999999,149397,49788,17743
2020-11-08,Asian/Pacific-Islander,922.14,293.56,111.99,12365,3981,1441
2020-11-08,Black/African-American,1941.9,738.67,249.62,39619,15804,5364
2020-11-08,Hispanic/Latino,2199.41,743.55,268.58,53542,17478,5995
2020-11-08,White,1426.05,349.0,125.83,43397,12480,4938
2020-11-08,Totals,6489.5,2124.78,756.0200000000002,148923,49743,17738
2020-11-07,Asian/Pacific-Islander,916.27,293.1,111.86,12286,3974,1439
2020-11-07,Black/African-American,1936.19,738.11,249.47,39512,15793,5361
2020-11-07,Hispanic/Latino,2188.96,742.55,268.49,53285,17454,5993
2020-11-07,White,1416.37,348.63,125.73,43141,12469,4934
2020-11-07,Totals,6457.79,2122.39,755.55,148224,49690,17727
2020-11-06,Asian/Pacific-Islander,911.87,292.63,111.93,12228,3968,1440
2020-11-06,Black/African-American,1929.6,737.46,249.59,39387,15780,5363
2020-11-06,Hispanic/Latino,2178.48,741.56,268.4,53027,17431,5991
2020-11-06,White,1407.89,348.3,125.74,42907,12456,4934
2020-11-06,Totals,6427.84,2119.9500000000007,755.66,147549,49635,17728
2020-11-05,Asian/Pacific-Islander,906.07,292.0,111.96,12152,3958,1440
2020-11-05,Black/African-American,1922.37,736.98,249.65,39248,15768,5364
2020-11-05,Hispanic/Latino,2165.76,740.41,268.19,52712,17404,5987
2020-11-05,White,1396.94,347.47,125.68,42608,12426,4931
2020-11-05,Totals,6391.140000000001,2116.86,755.48,146720,49556,17722
2020-11-04,Asian/Pacific-Islander,905.3,291.92,111.9,12141,3957,1439
2020-11-04,Black/African-American,1921.88,736.54,249.65,39239,15759,5364
2020-11-04,Hispanic/Latino,2164.82,740.24,268.1,52689,17400,5985
2020-11-04,White,1395.81,346.94,125.56,42577,12408,4927
2020-11-04,Totals,6387.81,2115.64,755.21,146646,49524,17715
2020-11-03,Asian/Pacific-Islander,902.0,291.7,111.9,12096,3954,1439
2020-11-03,Black/African-American,1917.44,735.85,249.42,39154,15744,5359
2020-11-03,Hispanic/Latino,2159.57,739.83,268.05,52559,17391,5984
2020-11-03,White,1390.47,346.69,125.46,42425,12400,4923
2020-11-03,Totals,6369.480000000001,2114.07,754.83,146234,49489,17705
2020-11-02,Asian/Pacific-Islander,895.93,291.14,111.8,12020,3947,1438
2020-11-02,Black/African-American,1913.7,735.28,249.37,39083,15734,5358
2020-11-02,Hispanic/Latino,2146.67,738.56,268.0,52241,17360,5983
2020-11-02,White,1383.88,346.57,125.42,42256,12396,4920
2020-11-02,Totals,6340.18,2111.55,754.59,145600,49437,17699
2020-11-01,Asian/Pacific-Islander,895.1,291.0,111.8,12009,3945,1438
2020-11-01,Black/African-American,1911.1,734.82,249.37,39032,15724,5358
2020-11-01,Hispanic/Latino,2144.87,737.94,267.91,52197,17345,5981
2020-11-01,White,1380.33,345.78,125.32,42161,12370,4916
2020-11-01,Totals,6331.4,2109.54,754.4000000000002,145399,49384,17693
2020-10-31,Asian/Pacific-Islander,892.71,290.94,111.8,11979,3944,1438
2020-10-31,Black/African-American,1907.86,734.69,249.27,38969,15722,5356
2020-10-31,Hispanic/Latino,2139.03,737.79,267.84,52053,17341,5979
2020-10-31,White,1375.57,345.74,125.2,42028,12367,4911
2020-10-31,Totals,6315.17,2109.16,754.11,145029,49374,17684
2020-10-30,Asian/Pacific-Islander,888.72,290.13,111.8,11928,3933,1438
2020-10-30,Black/African-American,1904.02,734.36,249.29,38894,15715,5356
2020-10-30,Hispanic/Latino,2131.53,736.91,267.74,51869,17321,5977
2020-10-30,White,1369.5,345.2,125.17,41858,12349,4910
2020-10-30,Totals,6293.77,2106.6,753.9999999999999,144549,49318,17681
2020-10-29,Asian/Pacific-Islander,884.81,289.56,111.8,11876,3926,1438
2020-10-29,Black/African-American,1900.5,733.64,249.13,38829,15699,5353
2020-10-29,Hispanic/Latino,2123.22,735.6,267.74,51664,17290,5977
2020-10-29,White,1364.33,344.08,125.21,41715,12309,4911
2020-10-29,Totals,6272.86,2102.88,753.8800000000001,144084,49224,17679
2020-10-28,Asian/Pacific-Islander,882.85,289.28,111.75,11848,3922,1437
2020-10-28,Black/African-American,1897.19,733.17,248.99,38765,15690,5350
2020-10-28,Hispanic/Latino,2116.71,735.08,267.55,51505,17278,5973
2020-10-28,White,1359.98,343.64,125.21,41596,12293,4911
2020-10-28,Totals,6256.73,2101.17,753.5,143714,49183,17671
2020-10-27,Asian/Pacific-Islander,879.22,288.96,111.57,11801,3917,1435
2020-10-27,Black/African-American,1894.26,732.5,248.94,38710,15677,5349
2020-10-27,Hispanic/Latino,2110.17,734.57,267.51,51343,17266,5972
2020-10-27,White,1353.83,342.53,125.18,41423,12257,4910
2020-10-27,Totals,6237.48,2098.5600000000004,753.2,143277,49117,17666
2020-10-26,Asian/Pacific-Islander,875.88,288.66,111.57,11758,3913,1435
2020-10-26,Black/African-American,1891.73,732.34,248.91,38662,15674,5348
2020-10-26,Hispanic/Latino,2104.63,734.18,267.42,51204,17256,5970
2020-10-26,White,1350.8,342.19,125.16,41335,12247,4909
2020-10-26,Totals,6223.04,2097.37,753.0600000000002,142959,49090,17662
2020-10-25,Asian/Pacific-Islander,871.5,288.45,111.57,11703,3910,1435
2020-10-25,Black/African-American,1888.42,731.71,248.9,38599,15660,5348
2020-10-25,Hispanic/Latino,2099.56,733.82,267.45,51078,17247,5971
2020-10-25,White,1346.73,342.01,125.13,41229,12241,4908
2020-10-25,Totals,6206.209999999999,2095.99,753.0500000000002,142609,49058,17662
2020-10-24,Asian/Pacific-Islander,868.07,288.98,112.48,11657,3917,1447
2020-10-24,Black/African-American,1886.26,732.98,250.16,38559,15687,5375
2020-10-24,Hispanic/Latino,2092.35,732.57,267.31,50898,17217,5968
2020-10-24,White,1339.88,341.99,125.27,41046,12237,4913
2020-10-24,Totals,6186.56,2096.5200000000004,755.22,142160,49058,17703
2020-10-23,Asian/Pacific-Islander,863.82,287.7,112.48,11603,3899,1447
2020-10-23,Black/African-American,1884.21,732.57,250.16,38522,15679,5375
2020-10-23,Hispanic/Latino,2087.61,732.1,267.22,50782,17205,5966
2020-10-23,White,1335.68,341.31,125.25,40924,12213,4912
2020-10-23,Totals,6171.3200000000015,2093.68,755.11,141831,48996,17700
2020-10-22,Asian/Pacific-Islander,860.02,287.14,112.48,11554,3891,1447
2020-10-22,Black/African-American,1882.48,732.04,249.95,38490,15667,5371
2020-10-22,Hispanic/Latino,2083.78,731.72,267.26,50686,17195,5967
2020-10-22,White,1331.82,340.88,125.14,40818,12197,4908
2020-10-22,Totals,6158.1,2091.78,754.83,141548,48950,17693
2020-10-21,Asian/Pacific-Islander,854.26,286.77,112.48,11480,3886,1447
2020-10-21,Black/African-American,1877.18,731.66,249.91,38387,15660,5370
2020-10-21,Hispanic/Latino,2076.92,731.13,267.21,50518,17181,5966
2020-10-21,White,1323.54,339.98,125.07,40594,12169,4905
2020-10-21,Totals,6131.9000000000015,2089.54,754.6699999999997,140979,48896,17688
2020-10-20,Asian/Pacific-Islander,850.31,286.61,112.48,11428,3884,1447
2020-10-20,Black/African-American,1871.48,731.43,249.86,38275,15655,5369
2020-10-20,Hispanic/Latino,2064.94,729.95,267.24,50222,17152,5967
2020-10-20,White,1316.33,339.82,125.05,40381,12160,4904
2020-10-20,Totals,6103.06,2087.81,754.63,140306,48851,17687
2020-10-19,Asian/Pacific-Islander,848.11,286.58,112.48,11399,3883,1447
2020-10-19,Black/African-American,1870.05,731.0,249.86,38248,15646,5369
2020-10-19,Hispanic/Latino,2063.08,729.52,267.24,50176,17141,5967
2020-10-19,White,1314.08,339.35,125.02,40317,12143,4903
2020-10-19,Totals,6095.32,2086.45,754.6,140140,48813,17686
2020-10-18,Asian/Pacific-Islander,844.19,285.89,112.48,11349,3874,1447
2020-10-18,Black/African-American,1866.36,729.92,249.7,38177,15625,5366
2020-10-18,Hispanic/Latino,2057.77,728.8,267.11,50045,17124,5964
2020-10-18,White,1309.26,338.22,124.95,40182,12104,4900
2020-10-18,Totals,6077.58,2082.83,754.24,139753,48727,17677
2020-10-17,Asian/Pacific-Islander,840.59,285.39,112.48,11303,3867,1447
2020-10-17,Black/African-American,1863.07,729.4,249.56,38114,15615,5363
2020-10-17,Hispanic/Latino,2053.38,728.59,267.11,49937,17119,5964
2020-10-17,White,1304.68,338.01,124.82,40056,12098,4895
2020-10-17,Totals,6061.72,2081.390000000001,753.97,139410,48699,17669
2020-10-16,Asian/Pacific-Islander,836.42,284.65,112.48,11251,3858,1447
2020-10-16,Black/African-American,1860.61,728.83,249.5,38066,15604,5362
2020-10-16,Hispanic/Latino,2048.56,727.95,266.98,49819,17104,5961
2020-10-16,White,1298.53,337.71,124.82,39883,12086,4895
2020-10-16,Totals,6044.12,2079.14,753.78,139019,48652,17665
2020-10-15,Asian/Pacific-Islander,833.76,283.19,112.48,11216,3839,1447
2020-10-15,Black/African-American,1856.72,725.83,249.42,37986,15542,5360
2020-10-15,Hispanic/Latino,2042.46,725.18,266.61,49669,17038,5952
2020-10-15,White,1292.71,335.54,124.82,39713,12008,4895
2020-10-15,Totals,6025.6500000000015,2069.74,753.3299999999998,138584,48427,17654
2020-10-14,Asian/Pacific-Islander,831.27,282.04,112.48,11184,3822,1447
2020-10-14,Black/African-American,1854.02,724.25,249.27,37936,15511,5357
2020-10-14,Hispanic/Latino,2037.68,723.81,266.5,49550,17005,5950
2020-10-14,White,1288.19,333.41,124.79,39591,11938,4894
2020-10-14,Totals,6011.16,2063.51,753.04,138261,48276,17648
2020-10-13,Asian/Pacific-Islander,827.13,281.9,112.48,11134,3820,1447
2020-10-13,Black/African-American,1851.65,724.15,249.18,37891,15509,5355
2020-10-13,Hispanic/Latino,2031.53,723.61,266.41,49399,17001,5948
2020-10-13,White,1284.05,333.38,124.73,39474,11937,4892
2020-10-13,Totals,5994.3600000000015,2063.04,752.8000000000002,137898,48267,17642
2020-10-12,Asian/Pacific-Islander,826.23,281.58,112.48,11123,3816,1447
2020-10-12,Black/African-American,1850.68,723.97,249.14,37872,15505,5354
2020-10-12,Hispanic/Latino,2029.97,723.4,266.32,49361,16996,5946
2020-10-12,White,1282.59,332.98,124.66,39431,11923,4889
2020-10-12,Totals,5989.47,2061.93,752.6,137787,48240,17636
2020-10-11,Asian/Pacific-Islander,822.45,281.29,112.48,11072,3812,1447
2020-10-11,Black/African-American,1848.09,723.6,249.05,37825,15498,5352
2020-10-11,Hispanic/Latino,2025.53,723.05,266.32,49251,16987,5946
2020-10-11,White,1276.66,332.38,124.61,39267,11901,4887
2020-10-11,Totals,5972.73,2060.32,752.46,137415,48198,17632
2020-10-10,Asian/Pacific-Islander,818.23,280.91,112.48,11018,3807,1447
2020-10-10,Black/African-American,1845.18,723.03,249.05,37771,15486,5352
2020-10-10,Hispanic/Latino,2018.82,722.48,266.32,49086,16973,5946
2020-10-10,White,1270.62,331.41,124.54,39095,11869,4884
2020-10-10,Totals,5952.8499999999985,2057.83,752.39,136970,48135,17629
2020-10-09,Asian/Pacific-Islander,815.62,280.74,112.48,10983,3805,1447
2020-10-09,Black/African-American,1843.28,722.78,249.05,37735,15481,5352
2020-10-09,Hispanic/Latino,2016.33,722.47,266.32,49025,16973,5946
2020-10-09,White,1266.03,331.16,124.48,38969,11864,4883
2020-10-09,Totals,5941.259999999998,2057.15,752.33,136712,48123,17628
2020-10-08,Asian/Pacific-Islander,812.52,280.58,112.46,10944,3803,1447
2020-10-08,Black/African-American,1840.31,722.56,248.99,37678,15477,5351
2020-10-08,Hispanic/Latino,2011.24,722.13,266.27,48900,16965,5945
2020-10-08,White,1260.64,330.81,124.46,38820,11852,4882
2020-10-08,Totals,5924.71,2056.08,752.1800000000002,136342,48097,17625
2020-10-07,Asian/Pacific-Islander,808.11,280.32,112.38,10892,3799,1446
2020-10-07,Black/African-American,1838.0,722.13,248.95,37633,15469,5350
2020-10-07,Hispanic/Latino,2006.19,721.57,266.18,48775,16952,5943
2020-10-07,White,1255.99,330.48,124.43,38700,11838,4881
2020-10-07,Totals,5908.29,2054.5,751.94,136000,48058,17620
2020-10-06,Asian/Pacific-Islander,807.13,280.18,112.38,10879,3797,1446
2020-10-06,Black/African-American,1836.37,721.79,248.9,37601,15461,5349
2020-10-06,Hispanic/Latino,2002.65,721.24,265.94,48688,16944,5938
2020-10-06,White,1250.34,330.08,124.36,38551,11826,4878
2020-10-06,Totals,5896.49,2053.29,751.58,135719,48028,17611
2020-10-05,Asian/Pacific-Islander,802.5,281.67,112.48,10818,3819,1447
2020-10-05,Black/African-American,1833.47,742.07,248.78,37547,15891,5347
2020-10-05,Hispanic/Latino,1995.87,734.83,265.91,48522,17269,5938
2020-10-05,White,1247.14,342.46,124.28,38460,12243,4875
2020-10-05,Totals,5878.980000000001,2101.03,751.45,135347,49222,17607
2020-10-04,Asian/Pacific-Islander,799.9,281.29,112.48,10783,3814,1447
2020-10-04,Black/African-American,1831.1,741.75,248.72,37505,15884,5346
2020-10-04,Hispanic/Latino,1991.59,734.43,265.86,48416,17261,5937
2020-10-04,White,1242.42,342.1,124.3,38339,12232,4875
2020-10-04,Totals,5865.01,2099.57,751.3599999999999,135043,49191,17605
2020-10-03,Asian/Pacific-Islander,795.45,279.88,112.37,10726,3797,1445
2020-10-03,Black/African-American,1827.44,740.61,248.59,37430,15858,5343
2020-10-03,Hispanic/Latino,1984.91,732.69,265.7,48252,17219,5934
2020-10-03,White,1234.31,341.37,124.33,38117,12204,4876
2020-10-03,Totals,5842.1100000000015,2094.55,750.9900000000001,134525,49078,17598
2020-10-02,Asian/Pacific-Islander,791.44,278.7,112.42,10673,3780,1446
2020-10-02,Black/African-American,1825.41,739.13,248.69,37393,15829,5345
2020-10-02,Hispanic/Latino,1981.47,730.26,265.69,48167,17158,5934
2020-10-02,White,1226.36,339.73,124.29,37912,12155,4875
2020-10-02,Totals,5824.68,2087.82,751.0899999999998,134145,48922,17600
2020-10-01,Asian/Pacific-Islander,789.29,277.5,112.16,10645,3765,1443
2020-10-01,Black/African-American,1822.68,737.21,248.64,37343,15791,5344
2020-10-01,Hispanic/Latino,1976.81,727.4,265.36,48055,17090,5926
2020-10-01,White,1219.26,338.11,124.32,37715,12100,4877
2020-10-01,Totals,5808.040000000001,2080.2200000000007,750.48,133758,48746,17590
2020-09-30,Asian/Pacific-Islander,785.27,275.57,112.31,10592,3738,1445
2020-09-30,Black/African-American,1819.13,733.07,248.7,37274,15709,5345
2020-09-30,Hispanic/Latino,1965.44,718.28,265.03,47780,16870,5919
2020-09-30,White,1212.39,334.43,124.33,37526,11982,4877
2020-09-30,Totals,5782.230000000001,2061.35,750.37,133172,48299,17586
2020-09-29,Asian/Pacific-Islander,783.19,274.48,112.23,10566,3724,1444
2020-09-29,Black/African-American,1817.85,731.57,248.64,37250,15679,5344
2020-09-29,Hispanic/Latino,1961.19,716.21,265.16,47676,16820,5922
2020-09-29,White,1209.27,332.21,124.3,37439,11912,4876
2020-09-29,Totals,5771.5,2054.4700000000007,750.3299999999998,132931,48135,17586
2020-09-28,Asian/Pacific-Islander,781.33,273.37,112.28,10542,3709,1445
2020-09-28,Black/African-American,1816.35,730.62,248.56,37220,15659,5343
2020-09-28,Hispanic/Latino,1956.77,713.22,264.86,47568,16748,5915
2020-09-28,White,1202.98,331.3,124.3,37281,11881,4875
2020-09-28,Totals,5757.43,2048.51,750.0,132611,47997,17578
2020-09-27,Asian/Pacific-Islander,780.4,272.67,112.28,10530,3699,1445
2020-09-27,Black/African-American,1816.23,728.95,248.65,37218,15627,5345
2020-09-27,Hispanic/Latino,1955.03,711.51,264.88,47525,16706,5915
2020-09-27,White,1202.09,329.72,124.23,37261,11831,4873
2020-09-27,Totals,5753.75,2042.85,750.04,132534,47863,17578
2020-09-26,Asian/Pacific-Islander,777.38,271.78,112.31,10491,3687,1445
2020-09-26,Black/African-American,1814.37,727.92,248.52,37181,15605,5342
2020-09-26,Hispanic/Latino,1952.04,710.14,264.83,47452,16673,5913
2020-09-26,White,1196.64,328.13,124.11,37110,11778,4869
2020-09-26,Totals,5740.43,2037.97,749.7700000000002,132234,47743,17569
2020-09-25,Asian/Pacific-Islander,775.72,270.8,112.17,10470,3673,1443
2020-09-25,Black/African-American,1812.2,725.91,248.59,37135,15560,5343
2020-09-25,Hispanic/Latino,1949.07,709.06,264.76,47379,16647,5912
2020-09-25,White,1192.41,327.31,124.18,36992,11747,4871
2020-09-25,Totals,5729.4,2033.08,749.7,131976,47627,17569
2020-09-24,Asian/Pacific-Islander,773.68,271.15,112.24,10442,3677,1444
2020-09-24,Black/African-American,1809.05,723.63,248.58,37070,15510,5343
2020-09-24,Hispanic/Latino,1944.47,706.44,264.32,47266,16584,5902
2020-09-24,White,1187.49,326.57,124.29,36856,11720,4874
2020-09-24,Totals,5714.69,2027.79,749.43,131634,47491,17563
2020-09-23,Asian/Pacific-Islander,772.24,271.08,112.22,10423,3676,1444
2020-09-23,Black/African-American,1807.82,722.71,248.56,37047,15491,5343
2020-09-23,Hispanic/Latino,1942.16,706.01,264.36,47208,16573,5903
2020-09-23,White,1182.93,326.1,124.24,36737,11705,4872
2020-09-23,Totals,5705.1500000000015,2025.9,749.38,131415,47445,17562
2020-09-22,Asian/Pacific-Islander,770.6,270.67,112.15,10401,3670,1443
2020-09-22,Black/African-American,1806.35,722.26,248.56,37018,15481,5343
2020-09-22,Hispanic/Latino,1939.22,705.06,264.3,47136,16551,5902
2020-09-22,White,1179.18,325.37,124.29,36645,11681,4874
2020-09-22,Totals,5695.35,2023.36,749.3,131200,47383,17562
2020-09-21,Asian/Pacific-Islander,766.86,270.15,112.15,10352,3663,1443
2020-09-21,Black/African-American,1804.66,721.38,248.49,36985,15464,5342
2020-09-21,Hispanic/Latino,1933.23,704.0,264.34,46988,16526,5903
2020-09-21,White,1174.46,324.63,124.29,36513,11656,4874
2020-09-21,Totals,5679.21,2020.16,749.27,130838,47309,17562
2020-09-20,Asian/Pacific-Islander,766.21,270.14,112.2,10343,3663,1444
2020-09-20,Black/African-American,1803.85,721.44,248.55,36970,15465,5343
2020-09-20,Hispanic/Latino,1931.94,703.8,264.3,46957,16521,5902
2020-09-20,White,1172.93,324.66,124.24,36471,11656,4872
2020-09-20,Totals,5674.93,2020.04,749.29,130741,47305,17561
2020-09-19,Asian/Pacific-Islander,765.46,270.14,112.2,10333,3663,1444
2020-09-19,Black/African-American,1803.03,721.33,248.55,36954,15463,5343
2020-09-19,Hispanic/Latino,1930.57,703.5,264.13,46922,16514,5898
2020-09-19,White,1170.04,324.58,124.26,36400,11655,4873
2020-09-19,Totals,5669.0999999999985,2019.55,749.14,130609,47295,17558
2020-09-18,Asian/Pacific-Islander,762.75,269.93,112.09,10298,3660,1442
2020-09-18,Black/African-American,1800.78,721.25,248.55,36913,15461,5343
2020-09-18,Hispanic/Latino,1926.35,703.29,264.2,46817,16509,5900
2020-09-18,White,1165.5,324.46,124.29,36279,11651,4874
2020-09-18,Totals,5655.379999999999,2018.93,749.1299999999999,130307,47281,17559
2020-09-17,Asian/Pacific-Islander,760.15,269.67,112.09,10265,3657,1442
2020-09-17,Black/African-American,1798.8,720.79,248.53,36875,15452,5343
2020-09-17,Hispanic/Latino,1923.39,703.14,264.12,46742,16505,5898
2020-09-17,White,1161.48,324.34,124.24,36171,11648,4872
2020-09-17,Totals,5643.82,2017.94,748.98,130053,47262,17555
2020-09-16,Asian/Pacific-Islander,758.19,269.69,112.09,10239,3657,1442
2020-09-16,Black/African-American,1797.38,720.52,248.44,36847,15446,5341
2020-09-16,Hispanic/Latino,1919.83,702.89,264.07,46655,16500,5897
2020-09-16,White,1158.17,324.29,124.16,36079,11646,4869
2020-09-16,Totals,5633.57,2017.39,748.7599999999999,129820,47249,17549
2020-09-15,Asian/Pacific-Islander,756.64,269.61,112.19,10218,3656,1443
2020-09-15,Black/African-American,1795.0,720.34,248.35,36799,15442,5339
2020-09-15,Hispanic/Latino,1915.37,702.35,263.92,46546,16488,5894
2020-09-15,White,1154.04,324.32,124.16,35967,11647,4869
2020-09-15,Totals,5621.05,2016.62,748.62,129530,47233,17545
2020-09-14,Asian/Pacific-Islander,748.49,268.37,111.95,10107,3637,1440
2020-09-14,Black/African-American,1787.75,720.23,248.15,36657,15441,5335
2020-09-14,Hispanic/Latino,1875.45,698.78,263.52,45558,16403,5885
2020-09-14,White,1146.52,324.36,124.09,35759,11648,4866
2020-09-14,Totals,5558.209999999999,2011.74,747.71,128081,47129,17526
2020-09-12,Asian/Pacific-Islander,748.6,268.37,111.95,10109,3637,1440
2020-09-12,Black/African-American,1787.95,720.26,248.07,36661,15442,5333
2020-09-12,Hispanic/Latino,1875.62,698.83,263.57,45562,16404,5886
2020-09-12,White,1146.61,324.38,124.07,35762,11649,4865
2020-09-12,Totals,5558.78,2011.84,747.6599999999999,128094,47132,17524
2020-09-11,Asian/Pacific-Islander,748.48,268.37,111.95,10108,3637,1440
2020-09-11,Black/African-American,1787.9,720.04,248.35,36661,15438,5339
2020-09-11,Hispanic/Latino,1875.39,698.51,263.55,45556,16396,5886
2020-09-11,White,1146.44,324.27,124.04,35759,11645,4864
2020-09-11,Totals,5558.210000000001,2011.19,747.89,128084,47116,17529
2020-09-10,Asian/Pacific-Islander,745.64,268.21,111.79,10072,3635,1438
2020-09-10,Black/African-American,1786.04,719.52,248.07,36623,15427,5333
2020-09-10,Hispanic/Latino,1870.88,697.95,263.29,45445,16382,5880
2020-09-10,White,1142.42,323.92,124.02,35646,11632,4863
2020-09-10,Totals,5544.98,2009.6,747.1700000000002,127786,47076,17514
2020-09-09,Asian/Pacific-Islander,745.36,268.1,111.79,10068,3634,1438
2020-09-09,Black/African-American,1785.19,719.32,248.12,36608,15423,5334
2020-09-09,Hispanic/Latino,1869.02,697.6,263.29,45399,16373,5880
2020-09-09,White,1140.1,323.84,123.99,35583,11629,4862
2020-09-09,Totals,5539.67,2008.86,747.19,127658,47059,17514
2020-09-08,Asian/Pacific-Islander,744.53,267.93,111.81,10058,3632,1438
2020-09-08,Black/African-American,1784.11,719.07,248.21,36588,15418,5336
2020-09-08,Hispanic/Latino,1867.71,697.28,263.18,45367,16366,5878
2020-09-08,White,1138.58,323.76,123.99,35542,11626,4862
2020-09-08,Totals,5534.93,2008.04,747.19,127555,47042,17514
2020-09-08,Asian/Pacific-Islander,740.23,267.66,111.72,10003,3628,1437
2020-09-08,Black/African-American,1780.14,718.57,247.96,36510,15408,5331
2020-09-08,Hispanic/Latino,1860.09,696.37,262.8,45180,16344,5870
2020-09-08,White,1132.93,323.51,123.89,35390,11617,4858
2020-09-08,Totals,5513.39,2006.11,746.37,127083,46997,17496
2020-09-07,Asian/Pacific-Islander,743.52,267.73,111.72,10044,3629,1437
2020-09-07,Black/African-American,1783.6,719.01,248.21,36578,15416,5336
2020-09-07,Hispanic/Latino,1865.54,697.04,262.94,45315,16360,5873
2020-09-07,White,1137.31,323.71,123.94,35504,11624,4860
2020-09-07,Totals,5529.969999999998,2007.49,746.81,127441,47029,17506
2020-09-05,Asian/Pacific-Islander,740.23,267.66,111.72,10003,3628,1437
2020-09-05,Black/African-American,1780.14,718.57,247.96,36510,15408,5331
2020-09-05,Hispanic/Latino,1860.09,696.37,262.8,45180,16344,5870
2020-09-05,White,1132.93,323.51,123.89,35390,11617,4858
2020-09-05,Totals,5513.39,2006.11,746.37,127083,46997,17496
2020-09-04,Asian/Pacific-Islander,738.42,267.49,111.65,9980,3626,1436
2020-09-04,Black/African-American,1778.06,718.0,247.88,36470,15396,5329
2020-09-04,Hispanic/Latino,1857.01,696.05,262.72,45105,16336,5868
2020-09-04,White,1130.66,323.41,123.8,35332,11613,4855
2020-09-04,Totals,5504.15,2004.95,746.05,126887,46971,17488
2020-09-03,Asian/Pacific-Islander,736.13,267.18,111.56,9951,3622,1435
2020-09-03,Black/African-American,1775.85,718.02,247.88,36429,15396,5329
2020-09-03,Hispanic/Latino,1851.97,695.54,262.6,44980,16324,5865
2020-09-03,White,1127.13,323.29,123.8,35239,11608,4855
2020-09-03,Totals,5491.08,2004.03,745.8399999999998,126599,46950,17484
2020-09-02,Asian/Pacific-Islander,735.7,267.18,111.46,9945,3622,1434
2020-09-02,Black/African-American,1774.93,717.81,247.83,36412,15392,5328
2020-09-02,Hispanic/Latino,1850.15,695.17,262.72,44935,16315,5868
2020-09-02,White,1125.78,323.06,123.68,35203,11599,4850
2020-09-02,Totals,5486.56,2003.22,745.69,126495,46928,17480
2020-09-01,Asian/Pacific-Islander,733.37,266.7,111.46,9914,3616,1434
2020-09-01,Black/African-American,1772.5,717.69,247.83,36365,15389,5328
2020-09-01,Hispanic/Latino,1842.89,694.35,262.64,44755,16296,5866
2020-09-01,White,1122.24,322.81,123.68,35108,11591,4850
2020-09-01,Totals,5471.0,2001.55,745.6100000000001,126142,46892,17478
2020-08-31,Asian/Pacific-Islander,733.09,266.77,111.46,9911,3617,1434
2020-08-31,Black/African-American,1771.68,717.5,247.73,36350,15385,5326
2020-08-31,Hispanic/Latino,1842.19,694.27,262.51,44738,16294,5863
2020-08-31,White,1121.09,322.54,123.6,35077,11583,4848
2020-08-31,Totals,5468.05,2001.08,745.3000000000002,126076,46879,17471
2020-08-30,Asian/Pacific-Islander,732.55,266.47,111.46,9904,3613,1434
2020-08-30,Black/African-American,1770.81,717.19,247.52,36332,15378,5321
2020-08-30,Hispanic/Latino,1840.93,693.93,262.28,44709,16286,5858
2020-08-30,White,1120.01,322.43,123.6,35048,11579,4848
2020-08-30,Totals,5464.3,2000.02,744.86,125993,46856,17461
2020-08-29,Asian/Pacific-Islander,731.78,266.2,111.46,9893,3609,1434
2020-08-29,Black/African-American,1769.27,716.89,247.65,36302,15372,5324
2020-08-29,Hispanic/Latino,1838.07,693.46,262.33,44638,16274,5859
2020-08-29,White,1117.89,322.07,123.58,34989,11567,4847
2020-08-29,Totals,5457.01,1998.62,745.0200000000002,125822,46822,17464
2020-08-28,Asian/Pacific-Islander,730.0,265.95,111.31,9870,3606,1432
2020-08-28,Black/African-American,1767.06,716.6,247.63,36261,15366,5323
2020-08-28,Hispanic/Latino,1834.86,693.08,262.35,44560,16266,5860
2020-08-28,White,1116.52,321.94,123.51,34945,11561,4844
2020-08-28,Totals,5448.440000000001,1997.57,744.8,125636,46799,17459
2020-08-27,Asian/Pacific-Islander,728.86,265.88,111.31,9856,3605,1432
2020-08-27,Black/African-American,1765.07,716.42,247.5,36222,15362,5320
2020-08-27,Hispanic/Latino,1830.89,692.62,262.3,44462,16255,5859
2020-08-27,White,1114.12,321.79,123.43,34883,11556,4841
2020-08-27,Totals,5438.94,1996.71,744.54,125423,46778,17452
2020-08-26,Asian/Pacific-Islander,727.74,265.88,111.24,9840,3605,1431
2020-08-26,Black/African-American,1763.78,716.15,247.35,36197,15357,5317
2020-08-26,Hispanic/Latino,1828.12,692.28,262.18,44393,16247,5856
2020-08-26,White,1113.19,321.51,123.44,34854,11547,4841
2020-08-26,Totals,5432.83,1995.82,744.21,125284,46756,17445
2020-08-25,Asian/Pacific-Islander,726.05,265.65,111.24,9818,3602,1431
2020-08-25,Black/African-American,1763.03,716.22,247.36,36182,15358,5317
2020-08-25,Hispanic/Latino,1825.3,692.12,262.11,44325,16243,5855
2020-08-25,White,1111.24,321.53,123.44,34799,11546,4840
2020-08-25,Totals,5425.62,1995.52,744.1500000000002,125124,46749,17443
2020-08-24,Asian/Pacific-Islander,725.55,265.66,111.24,9813,3602,1431
2020-08-24,Black/African-American,1761.67,716.04,247.31,36155,15355,5316
2020-08-24,Hispanic/Latino,1821.93,691.76,262.07,44244,16235,5854
2020-08-24,White,1110.56,321.5,123.44,34777,11545,4840
2020-08-24,Totals,5419.710000000001,1994.96,744.06,124989,46737,17441
2020-08-23,Asian/Pacific-Islander,723.87,265.57,111.24,9791,3601,1431
2020-08-23,Black/African-American,1759.64,715.7,247.21,36117,15348,5314
2020-08-23,Hispanic/Latino,1818.65,691.22,261.93,44164,16222,5851
2020-08-23,White,1108.37,321.43,123.44,34716,11543,4840
2020-08-23,Totals,5410.53,1993.92,743.8199999999998,124788,46714,17436
2020-08-22,Asian/Pacific-Islander,722.2,265.24,111.16,9768,3597,1430
2020-08-22,Black/African-American,1757.79,715.11,246.99,36081,15335,5309
2020-08-22,Hispanic/Latino,1815.21,690.74,262.01,44081,16211,5853
2020-08-22,White,1105.74,320.95,123.44,34647,11529,4840
2020-08-22,Totals,5400.94,1992.04,743.5999999999998,124577,46672,17432
2020-08-21,Asian/Pacific-Islander,719.94,265.09,111.16,9738,3595,1430
2020-08-21,Black/African-American,1755.96,714.91,246.82,36046,15331,5306
2020-08-21,Hispanic/Latino,1811.12,690.32,261.88,43980,16201,5850
2020-08-21,White,1104.27,320.84,123.41,34604,11526,4839
2020-08-21,Totals,5391.290000000001,1991.16,743.27,124368,46653,17425
2020-08-20,Asian/Pacific-Islander,717.95,265.02,111.24,9713,3594,1431
2020-08-20,Black/African-American,1753.9,714.81,246.71,36007,15329,5304
2020-08-20,Hispanic/Latino,1806.9,689.98,261.92,43874,16193,5851
2020-08-20,White,1102.87,320.83,123.36,34567,11525,4837
2020-08-20,Totals,5381.62,1990.64,743.23,124161,46641,17423
2020-08-19,Asian/Pacific-Islander,715.87,265.13,111.26,9687,3595,1431
2020-08-19,Black/African-American,1751.09,714.45,246.71,35955,15323,5304
2020-08-19,Hispanic/Latino,1801.14,689.55,261.92,43733,16183,5851
2020-08-19,White,1100.0,320.82,123.44,34494,11525,4840
2020-08-19,Totals,5368.1,1989.95,743.3300000000003,123869,46626,17426
2020-08-18,Asian/Pacific-Islander,711.24,265.06,111.19,9627,3594,1430
2020-08-18,Black/African-American,1747.97,713.76,246.66,35895,15310,5303
2020-08-18,Hispanic/Latino,1791.79,688.71,261.74,43500,16163,5847
2020-08-18,White,1096.86,320.67,123.42,34405,11520,4839
2020-08-18,Totals,5347.86,1988.2,743.01,123427,46587,17419
2020-08-17,Asian/Pacific-Islander,711.09,265.01,111.1,9625,3593,1429
2020-08-17,Black/African-American,1747.06,713.35,246.66,35878,15301,5303
2020-08-17,Hispanic/Latino,1790.17,688.34,261.78,43460,16155,5848
2020-08-17,White,1096.4,320.48,123.39,34391,11514,4838
2020-08-17,Totals,5344.719999999998,1987.18,742.93,123354,46563,17418
2020-08-16,Asian/Pacific-Islander,710.42,265.03,111.19,9617,3593,1430
2020-08-16,Black/African-American,1745.97,713.26,246.55,35858,15299,5301
2020-08-16,Hispanic/Latino,1788.91,687.97,261.7,43430,16147,5846
2020-08-16,White,1095.75,320.48,123.39,34372,11514,4838
2020-08-16,Totals,5341.05,1986.74,742.83,123277,46553,17415
2020-08-15,Asian/Pacific-Islander,708.36,264.8,111.19,9590,3590,1430
2020-08-15,Black/African-American,1744.22,712.96,246.5,35825,15293,5300
2020-08-15,Hispanic/Latino,1782.18,687.52,261.57,43266,16136,5843
2020-08-15,White,1093.44,320.27,123.27,34306,11506,4833
2020-08-15,Totals,5328.200000000002,1985.55,742.53,122987,46525,17406
2020-08-14,Asian/Pacific-Islander,705.73,264.6,111.19,9555,3587,1430
2020-08-14,Black/African-American,1740.2,712.5,246.5,35744,15283,5300
2020-08-14,Hispanic/Latino,1774.74,686.84,261.53,43082,16120,5842
2020-08-14,White,1090.66,320.12,123.27,34227,11501,4833
2020-08-14,Totals,5311.33,1984.06,742.49,122608,46491,17405
2020-08-13,Asian/Pacific-Islander,704.5,264.43,111.19,9539,3585,1430
2020-08-13,Black/African-American,1737.79,712.43,246.22,35696,15281,5294
2020-08-13,Hispanic/Latino,1770.65,686.65,261.46,42981,16116,5841
2020-08-13,White,1089.42,319.94,123.24,34189,11493,4831
2020-08-13,Totals,5302.3600000000015,1983.45,742.1099999999999,122405,46475,17396
2020-08-12,Asian/Pacific-Islander,702.82,264.29,111.1,9517,3583,1429
2020-08-12,Black/African-American,1736.0,711.58,246.07,35662,15264,5291
2020-08-12,Hispanic/Latino,1767.05,685.86,261.41,42892,16097,5840
2020-08-12,White,1087.75,319.55,123.19,34141,11481,4829
2020-08-12,Totals,5293.62,1981.28,741.77,122212,46425,17389
2020-08-11,Asian/Pacific-Islander,701.49,264.05,111.01,9501,3580,1428
2020-08-11,Black/African-American,1735.05,711.52,246.07,35643,15263,5291
2020-08-11,Hispanic/Latino,1762.85,685.36,261.27,42788,16085,5837
2020-08-11,White,1086.4,319.44,123.17,34103,11477,4828
2020-08-11,Totals,5285.789999999999,1980.37,741.5199999999999,122035,46405,17384
2020-08-10,Asian/Pacific-Islander,698.79,264.15,110.92,9465,3581,1427
2020-08-10,Black/African-American,1732.25,710.95,245.93,35590,15252,5288
2020-08-10,Hispanic/Latino,1756.27,684.92,261.14,42626,16075,5834
2020-08-10,White,1083.92,319.52,123.12,34038,11479,4826
2020-08-10,Totals,5271.23,1979.54,741.11,121719,46387,17375
2020-08-09,Asian/Pacific-Islander,698.48,264.13,110.83,9461,3581,1426
2020-08-09,Black/African-American,1731.4,710.47,245.89,35574,15241,5287
2020-08-09,Hispanic/Latino,1753.77,684.56,261.09,42566,16067,5833
2020-08-09,White,1083.25,319.51,123.09,34018,11478,4825
2020-08-09,Totals,5266.9,1978.67,740.9,121619,46367,17371
2020-08-08,Asian/Pacific-Islander,693.8,263.8,110.83,9402,3576,1426
2020-08-08,Black/African-American,1727.85,710.25,245.84,35502,15235,5286
2020-08-08,Hispanic/Latino,1744.26,683.63,260.98,42329,16043,5830
2020-08-08,White,1080.53,319.43,123.06,33943,11476,4824
2020-08-08,Totals,5246.44,1977.11,740.71,121176,46330,17366
2020-08-07,Asian/Pacific-Islander,692.98,263.69,110.83,9392,3574,1426
2020-08-07,Black/African-American,1725.94,710.02,245.79,35465,15230,5285
2020-08-07,Hispanic/Latino,1739.13,682.77,260.93,42204,16022,5829
2020-08-07,White,1078.36,318.83,122.98,33879,11455,4822
2020-08-07,Totals,5236.41,1975.31,740.53,120940,46281,17362
2020-08-06,Asian/Pacific-Islander,659.43,262.79,110.83,8947,3562,1426
2020-08-06,Black/African-American,1687.95,709.98,245.78,34710,15228,5285
2020-08-06,Hispanic/Latino,1657.6,678.88,260.73,40186,15930,5824
2020-08-06,White,1056.6,319.13,122.92,33267,11464,4821
2020-08-06,Totals,5061.58,1970.78,740.26,117110,46184,17356
2020-08-05,Asian/Pacific-Islander,654.39,262.66,110.75,8882,3561,1425
2020-08-05,Black/African-American,1683.86,709.85,245.85,34631,15225,5286
2020-08-05,Hispanic/Latino,1648.59,678.1,260.73,39966,15912,5824
2020-08-05,White,1052.75,318.94,122.9,33161,11458,4820
2020-08-05,Totals,5039.59,1969.55,740.23,116640,46156,17355
2020-08-04,Asian/Pacific-Islander,651.41,262.35,110.75,8846,3557,1425
2020-08-04,Black/African-American,1680.52,709.41,245.66,34568,15216,5282
2020-08-04,Hispanic/Latino,1641.85,677.03,260.63,39801,15887,5822
2020-08-04,White,1049.43,318.92,122.85,33069,11457,4818
2020-08-04,Totals,5023.21,1967.71,739.89,116284,46117,17347
2020-08-03,Asian/Pacific-Islander,651.4,262.34,110.75,8846,3557,1425
2020-08-03,Black/African-American,1679.57,709.22,245.62,34551,15212,5281
2020-08-03,Hispanic/Latino,1639.81,676.61,260.4,39751,15878,5817
2020-08-03,White,1048.96,318.89,122.82,33056,11456,4817
2020-08-03,Totals,5019.74,1967.06,739.5899999999998,116204,46103,17340
2020-08-02,Asian/Pacific-Islander,651.19,262.34,110.75,8843,3557,1425
2020-08-02,Black/African-American,1678.88,708.92,245.47,34537,15206,5278
2020-08-02,Hispanic/Latino,1639.41,676.44,260.31,39741,15874,5815
2020-08-02,White,1048.51,318.61,122.63,33042,11446,4809
2020-08-02,Totals,5017.990000000002,1966.31,739.16,116163,46083,17327
2020-08-01,Asian/Pacific-Islander,650.27,262.21,110.67,8831,3555,1424
2020-08-01,Black/African-American,1676.74,708.03,245.36,34495,15187,5276
2020-08-01,Hispanic/Latino,1636.54,674.84,260.18,39674,15837,5812
2020-08-01,White,1047.95,318.74,122.7,33025,11450,4812
2020-08-01,Totals,5011.5,1963.82,738.9100000000002,116025,46029,17324
2020-07-31,Asian/Pacific-Islander,646.2,261.45,110.58,8776,3545,1423
2020-07-31,Black/African-American,1671.1,706.25,245.29,34388,15148,5274
2020-07-31,Hispanic/Latino,1626.27,673.11,260.08,39418,15795,5810
2020-07-31,White,1042.77,317.16,122.65,32883,11398,4810
2020-07-31,Totals,4986.34,1957.97,738.6,115465,45886,17317
2020-07-30,Asian/Pacific-Islander,638.5,261.0,110.3,8676,3539,1419
2020-07-30,Black/African-American,1662.25,705.96,245.2,34219,15142,5272
2020-07-30,Hispanic/Latino,1607.86,672.2,260.03,38961,15773,5809
2020-07-30,White,1035.43,317.02,122.63,32678,11394,4809
2020-07-30,Totals,4944.04,1956.18,738.16,114534,45848,17309
2020-07-29,Asian/Pacific-Islander,635.87,260.89,110.3,8640,3537,1419
2020-07-29,Black/African-American,1660.74,705.76,244.96,34191,15137,5267
2020-07-29,Hispanic/Latino,1603.52,671.74,259.91,38854,15762,5806
2020-07-29,White,1033.65,316.78,122.55,32625,11385,4806
2020-07-29,Totals,4933.780000000002,1955.17,737.72,114310,45821,17298
2020-07-28,Asian/Pacific-Islander,634.55,260.71,110.3,8622,3534,1419
2020-07-28,Black/African-American,1658.23,704.53,244.77,34141,15111,5263
2020-07-28,Hispanic/Latino,1601.14,671.0,259.83,38795,15744,5804
2020-07-28,White,1032.17,316.5,122.5,32584,11375,4804
2020-07-28,Totals,4926.09,1952.74,737.4,114142,45764,17290
2020-07-27,Asian/Pacific-Islander,633.82,260.51,110.24,8612,3531,1418
2020-07-27,Black/African-American,1656.85,704.37,244.67,34116,15108,5261
2020-07-27,Hispanic/Latino,1599.96,670.82,259.6,38765,15740,5799
2020-07-27,White,1031.34,316.48,122.53,32560,11374,4805
2020-07-27,Totals,4921.97,1952.18,737.04,114053,45753,17283
2020-07-26,Asian/Pacific-Islander,633.7,260.47,110.24,8611,3531,1418
2020-07-26,Black/African-American,1656.08,704.23,244.43,34101,15105,5256
2020-07-26,Hispanic/Latino,1598.06,670.14,259.37,38720,15724,5794
2020-07-26,White,1031.06,316.46,122.41,32551,11372,4800
2020-07-26,Totals,4918.9,1951.3,736.4499999999998,113983,45732,17268
2020-07-25,Asian/Pacific-Islander,631.26,260.19,110.24,8580,3528,1418
2020-07-25,Black/African-American,1653.66,703.29,244.21,34056,15086,5251
2020-07-25,Hispanic/Latino,1592.52,669.8,259.27,38581,15715,5792
2020-07-25,White,1028.19,315.96,122.29,32472,11356,4796
2020-07-25,Totals,4905.63,1949.24,736.01,113689,45685,17257
2020-07-24,Asian/Pacific-Islander,624.32,259.56,110.08,8484,3519,1416
2020-07-24,Black/African-American,1644.43,702.91,243.91,33868,15078,5245
2020-07-24,Hispanic/Latino,1569.27,667.92,258.97,38008,15670,5785
2020-07-24,White,1022.27,315.79,122.17,32300,11348,4791
2020-07-24,Totals,4860.29,1946.18,735.13,112660,45615,17237
2020-07-23,Asian/Pacific-Islander,623.41,259.44,109.93,8473,3518,1414
2020-07-23,Black/African-American,1642.57,702.03,243.87,33830,15061,5244
2020-07-23,Hispanic/Latino,1566.91,667.54,259.21,37950,15661,5791
2020-07-23,White,1021.41,315.2,122.05,32274,11326,4787
2020-07-23,Totals,4854.3,1944.21,735.06,112527,45566,17236
2020-07-22,Asian/Pacific-Islander,622.75,259.42,110.03,8464,3518,1415
2020-07-22,Black/African-American,1640.57,701.76,243.66,33790,15055,5239
2020-07-22,Hispanic/Latino,1564.03,667.03,258.6,37880,15649,5777
2020-07-22,White,1019.68,315.09,122.02,32226,11323,4786
2020-07-22,Totals,4847.03,1943.3,734.31,112360,45545,17217
2020-07-21,Asian/Pacific-Islander,621.12,258.22,108.62,8446,3504,1400
2020-07-21,Black/African-American,1633.22,695.23,236.68,33634,14915,5090
2020-07-21,Hispanic/Latino,1551.2,656.22,247.01,37588,15404,5516
2020-07-21,White,1016.94,313.06,119.82,32122,11242,4698
2020-07-21,Totals,4822.48,1922.73,712.1299999999999,111790,45065,16704
2020-07-20,Asian/Pacific-Islander,623.61,260.51,111.61,8477,3533,1438
2020-07-20,Black/African-American,1638.8,701.71,244.58,33757,15055,5258
2020-07-20,Hispanic/Latino,1558.73,665.48,257.56,37753,15614,5754
2020-07-20,White,1017.79,315.09,122.27,32173,11324,4795
2020-07-20,Totals,4838.93,1942.79,736.02,112160,45526,17245
2020-07-19,Asian/Pacific-Islander,623.08,260.51,111.45,8470,3533,1436
2020-07-19,Black/African-American,1637.2,701.31,244.49,33726,15047,5256
2020-07-19,Hispanic/Latino,1556.86,665.11,257.35,37708,15606,5750
2020-07-19,White,1016.94,315.01,122.19,32147,11321,4792
2020-07-19,Totals,4834.08,1941.94,735.48,112051,45507,17234
2020-07-18,Asian/Pacific-Islander,621.6,260.21,111.22,8450,3529,1433
2020-07-18,Black/African-American,1635.07,700.79,244.25,33686,15037,5251
2020-07-18,Hispanic/Latino,1554.94,664.74,257.25,37660,15596,5747
2020-07-18,White,1015.45,314.88,122.14,32100,11315,4790
2020-07-18,Totals,4827.06,1940.62,734.86,111896,45477,17221
2020-07-17,Asian/Pacific-Islander,620.29,260.17,111.22,8436,3529,1433
2020-07-17,Black/African-American,1633.26,700.51,244.01,33649,15031,5246
2020-07-17,Hispanic/Latino,1551.98,664.09,257.07,37586,15580,5743
2020-07-17,White,1014.02,314.7,122.0,32059,11309,4785
2020-07-17,Totals,4819.55,1939.47,734.3,111730,45449,17207
2020-07-16,Asian/Pacific-Islander,618.63,259.77,110.96,8415,3524,1430
2020-07-16,Black/African-American,1631.2,699.54,243.86,33611,15013,5243
2020-07-16,Hispanic/Latino,1547.93,663.29,257.04,37489,15562,5743
2020-07-16,White,1012.98,314.37,122.1,32028,11296,4786
2020-07-16,Totals,4810.74,1936.97,733.96,111543,45395,17202
2020-07-15,Asian/Pacific-Islander,617.42,259.46,110.82,8398,3519,1428
2020-07-15,Black/African-American,1628.9,698.99,243.56,33569,15003,5237
2020-07-15,Hispanic/Latino,1546.01,662.81,257.01,37442,15551,5742
2020-07-15,White,1011.41,314.2,121.9,31984,11291,4779
2020-07-15,Totals,4803.74,1935.46,733.29,111393,45364,17186
2020-07-14,Asian/Pacific-Islander,615.56,259.2,110.63,8373,3515,1425
2020-07-14,Black/African-American,1626.67,698.58,243.3,33524,14994,5232
2020-07-14,Hispanic/Latino,1542.79,662.06,256.65,37364,15534,5734
2020-07-14,White,1010.19,314.05,121.59,31946,11283,4768
2020-07-14,Totals,4795.21,1933.89,732.17,111207,45326,17159
2020-07-13,Asian/Pacific-Islander,615.56,259.15,110.54,8373,3514,1424
2020-07-13,Black/African-American,1626.64,698.49,243.27,33524,14992,5231
2020-07-13,Hispanic/Latino,1542.87,661.81,256.41,37366,15528,5729
2020-07-13,White,1010.21,314.01,121.59,31947,11282,4768
2020-07-13,Totals,4795.28,1933.46,731.8100000000002,111210,45316,17152
2020-07-12,Asian/Pacific-Islander,614.73,259.15,110.41,8361,3514,1422
2020-07-12,Black/African-American,1624.89,698.18,243.03,33489,14986,5226
2020-07-12,Hispanic/Latino,1540.51,661.24,256.11,37308,15514,5722
2020-07-12,White,1009.66,313.74,121.22,31930,11274,4754
2020-07-12,Totals,4789.79,1932.31,730.77,111088,45288,17124
2020-07-11,Asian/Pacific-Islander,613.59,258.65,110.41,8345,3508,1422
2020-07-11,Black/African-American,1623.11,697.78,242.98,33453,14978,5225
2020-07-11,Hispanic/Latino,1537.92,660.57,255.93,37244,15498,5718
2020-07-11,White,1008.52,313.56,121.19,31900,11268,4753
2020-07-11,Totals,4783.1399999999985,1930.56,730.51,110942,45252,17118
2020-07-10,Asian/Pacific-Islander,612.85,258.5,110.35,8335,3506,1421
2020-07-10,Black/African-American,1620.73,697.23,242.73,33406,14968,5220
2020-07-10,Hispanic/Latino,1535.14,659.84,255.73,37175,15480,5714
2020-07-10,White,1007.67,313.42,121.04,31874,11263,4747
2020-07-10,Totals,4776.39,1928.99,729.8499999999998,110790,45217,17102
2020-07-09,Asian/Pacific-Islander,611.66,258.45,110.26,8320,3506,1420
2020-07-09,Black/African-American,1618.57,697.1,242.48,33362,14966,5214
2020-07-09,Hispanic/Latino,1532.82,659.32,255.41,37119,15468,5707
2020-07-09,White,1006.6,313.36,120.98,31842,11262,4744
2020-07-09,Totals,4769.6500000000015,1928.23,729.13,110643,45202,17085
2020-07-08,Asian/Pacific-Islander,610.75,258.19,110.1,8306,3501,1418
2020-07-08,Black/African-American,1616.33,696.05,242.27,33320,14945,5210
2020-07-08,Hispanic/Latino,1530.25,658.58,255.31,37055,15450,5705
2020-07-08,White,1005.23,313.0,120.77,31801,11251,4737
2020-07-08,Totals,4762.56,1925.82,728.45,110482,45147,17070
2020-07-07,Asian/Pacific-Islander,609.6,258.15,110.15,8290,3501,1419
2020-07-07,Black/African-American,1614.12,695.82,242.11,33277,14941,5206
2020-07-07,Hispanic/Latino,1527.82,658.14,255.23,36995,15440,5703
2020-07-07,White,1004.19,312.76,120.77,31770,11243,4737
2020-07-07,Totals,4755.73,1924.87,728.26,110332,45125,17065
2020-07-06,Asian/Pacific-Islander,609.29,258.03,110.15,8286,3499,1419
2020-07-06,Black/African-American,1613.54,694.87,241.79,33265,14922,5199
2020-07-06,Hispanic/Latino,1527.08,657.27,254.97,36978,15419,5698
2020-07-06,White,1003.65,312.45,120.65,31754,11232,4732
2020-07-06,Totals,4753.56,1922.62,727.56,110283,45072,17048
2020-07-05,Asian/Pacific-Islander,608.75,258.03,110.15,8279,3499,1419
2020-07-05,Black/African-American,1612.25,694.87,241.58,33240,14922,5195
2020-07-05,Hispanic/Latino,1525.35,657.02,254.58,36935,15413,5689
2020-07-05,White,1002.98,312.43,120.63,31738,11231,4731
2020-07-05,Totals,4749.33,1922.35,726.94,110192,45065,17034
2020-07-04,Asian/Pacific-Islander,606.69,258.03,110.06,8250,3499,1418
2020-07-04,Black/African-American,1609.5,694.43,241.29,33185,14912,5188
2020-07-04,Hispanic/Latino,1523.07,656.66,254.02,36880,15404,5676
2020-07-04,White,1001.47,312.22,120.33,31694,11223,4719
2020-07-04,Totals,4740.730000000001,1921.34,725.7,110009,45038,17001
2020-07-03,Asian/Pacific-Islander,605.68,257.62,109.85,8236,3493,1415
2020-07-03,Black/African-American,1606.99,693.98,241.03,33135,14903,5183
2020-07-03,Hispanic/Latino,1520.82,656.26,253.98,36824,15394,5675
2020-07-03,White,1000.16,312.07,120.15,31653,11218,4712
2020-07-03,Totals,4733.65,1919.93,725.01,109848,45008,16985
2020-07-02,Asian/Pacific-Islander,604.28,257.25,109.71,8217,3488,1413
2020-07-02,Black/African-American,1604.91,693.19,240.5,33093,14885,5171
2020-07-02,Hispanic/Latino,1518.81,655.7,253.74,36777,15382,5670
2020-07-02,White,998.73,311.85,120.12,31610,11211,4710
2020-07-02,Totals,4726.73,1917.99,724.07,109697,44966,16964
2020-07-01,Asian/Pacific-Islander,603.52,257.26,109.66,8207,3488,1412
2020-07-01,Black/African-American,1603.32,692.95,240.32,33061,14880,5166
2020-07-01,Hispanic/Latino,1517.85,655.8,253.73,36752,15384,5670
2020-07-01,White,997.85,311.66,119.92,31584,11204,4702
2020-07-01,Totals,4722.54,1917.67,723.63,109604,44956,16950
2020-06-30,Asian/Pacific-Islander,602.8,256.87,109.68,8197,3483,1412
2020-06-30,Black/African-American,1602.05,692.6,240.33,33034,14873,5167
2020-06-30,Hispanic/Latino,1514.04,654.32,253.21,36658,15348,5658
2020-06-30,White,996.33,311.53,119.82,31541,11200,4698
2020-06-30,Totals,4715.22,1915.32,723.04,109430,44904,16935
2020-06-28,Asian/Pacific-Islander,601.46,255.55,105.25,8179,3466,1354
2020-06-28,Black/African-American,1597.86,688.78,230.39,32950,14795,4956
2020-06-28,Hispanic/Latino,1508.18,649.21,245.99,36518,15228,5496
2020-06-28,White,994.45,309.94,114.74,31479,11146,4497
2020-06-28,Totals,4701.95,1903.48,696.37,109126,44635,16303
2020-06-27,Asian/Pacific-Islander,600.54,255.39,105.21,8167,3464,1354
2020-06-27,Black/African-American,1595.72,687.61,229.78,32907,14770,4943
2020-06-27,Hispanic/Latino,1506.5,648.77,245.76,36477,15217,5491
2020-06-27,White,992.94,309.53,114.57,31433,11130,4491
2020-06-27,Totals,4695.700000000002,1901.3,695.3199999999998,108984,44581,16279
2020-06-26,Asian/Pacific-Islander,599.66,255.28,104.77,8156,3462,1348
2020-06-26,Black/African-American,1593.89,687.11,229.31,32869,14759,4932
2020-06-26,Hispanic/Latino,1505.08,648.14,245.21,36443,15203,5478
2020-06-26,White,991.68,309.4,114.35,31393,11126,4483
2020-06-26,Totals,4690.31,1899.93,693.64,108861,44550,16241
2020-06-25,Asian/Pacific-Islander,599.37,255.28,104.61,8152,3462,1346
2020-06-25,Black/African-American,1591.47,686.56,228.64,32820,14748,4918
2020-06-25,Hispanic/Latino,1502.37,647.73,244.81,36377,15193,5469
2020-06-25,White,990.78,309.25,114.13,31366,11122,4474
2020-06-25,Totals,4683.99,1898.82,692.1899999999998,108715,44525,16207
2020-06-24,Asian/Pacific-Islander,598.61,254.97,104.3,8142,3458,1342
2020-06-24,Black/African-American,1589.34,685.62,228.13,32776,14728,4907
2020-06-24,Hispanic/Latino,1500.08,646.94,244.09,36322,15175,5452
2020-06-24,White,989.46,308.74,113.67,31323,11103,4457
2020-06-24,Totals,4677.49,1896.27,690.1899999999998,108563,44464,16158
2020-06-23,Asian/Pacific-Islander,598.55,254.94,104.7,8141,3458,1347
2020-06-23,Black/African-American,1587.81,684.94,227.79,32744,14713,4900
2020-06-23,Hispanic/Latino,1497.83,645.91,244.1,36267,15150,5451
2020-06-23,White,988.51,308.29,113.41,31294,11086,4448
2020-06-23,Totals,4672.7,1894.08,690.0,108446,44407,16146
2020-06-22,Asian/Pacific-Islander,597.47,255.33,104.47,8128,3465,1344
2020-06-22,Black/African-American,1584.35,684.3,227.47,32672,14699,4893
2020-06-22,Hispanic/Latino,1491.51,643.04,243.25,36116,15083,5432
2020-06-22,White,986.83,308.12,113.25,31239,11080,4441
2020-06-22,Totals,4660.16,1890.79,688.44,108155,44327,16110
2020-06-21,Asian/Pacific-Islander,596.85,254.91,104.32,8119,3459,1342
2020-06-21,Black/African-American,1582.81,683.73,227.18,32638,14687,4886
2020-06-21,Hispanic/Latino,1489.68,642.2,242.75,36071,15063,5420
2020-06-21,White,986.1,307.8,112.94,31214,11069,4430
2020-06-21,Totals,4655.440000000001,1888.64,687.19,108042,44278,16078
2020-06-20,Asian/Pacific-Islander,596.31,254.55,104.32,8112,3455,1342
2020-06-20,Black/African-American,1580.75,683.1,226.8,32597,14674,4878
2020-06-20,Hispanic/Latino,1487.74,641.55,242.57,36024,15047,5416
2020-06-20,White,985.51,307.45,112.59,31196,11058,4417
2020-06-20,Totals,4650.31,1886.65,686.2800000000002,107929,44234,16053
2020-06-19,Asian/Pacific-Islander,594.9,254.44,103.96,8094,3453,1337
2020-06-19,Black/African-American,1578.46,682.74,226.55,32551,14667,4872
2020-06-19,Hispanic/Latino,1485.17,640.74,242.1,35962,15028,5405
2020-06-19,White,984.29,307.27,112.4,31157,11052,4409
2020-06-19,Totals,4642.82,1885.19,685.01,107764,44200,16023
2020-06-18,Asian/Pacific-Islander,595.02,254.37,103.87,8096,3452,1336
2020-06-18,Black/African-American,1578.46,682.48,226.06,32550,14662,4862
2020-06-18,Hispanic/Latino,1485.28,640.49,241.94,35965,15022,5401
2020-06-18,White,984.16,307.05,112.22,31153,11046,4402
2020-06-18,Totals,4642.92,1884.39,684.09,107764,44182,16001
2020-06-17,Asian/Pacific-Islander,594.09,254.02,103.63,8084,3447,1333
2020-06-17,Black/African-American,1575.64,681.73,225.69,32492,14647,4855
2020-06-17,Hispanic/Latino,1482.45,639.89,241.6,35895,15008,5394
2020-06-17,White,982.44,306.67,112.1,31102,11033,4397
2020-06-17,Totals,4634.620000000001,1882.31,683.02,107573,44135,15979
2020-06-16,Asian/Pacific-Islander,593.32,252.75,103.4,8073,3429,1330
2020-06-16,Black/African-American,1574.33,674.77,225.02,32464,14501,4841
2020-06-16,Hispanic/Latino,1481.06,636.39,241.38,35861,14925,5389
2020-06-16,White,981.08,303.83,111.9,31059,10939,4389
2020-06-16,Totals,4629.79,1867.74,681.6999999999998,107457,43794,15949
2020-06-15,Asian/Pacific-Islander,592.26,252.87,103.32,8057,3430,1328
2020-06-15,Black/African-American,1570.93,673.87,224.88,32397,14486,4839
2020-06-15,Hispanic/Latino,1475.48,634.13,240.41,35726,14871,5367
2020-06-15,White,979.28,303.51,111.78,30998,10930,4385
2020-06-15,Totals,4617.95,1864.38,680.39,107178,43717,15919
2020-06-14,Asian/Pacific-Islander,590.53,252.73,103.16,8034,3428,1326
2020-06-14,Black/African-American,1565.74,672.82,224.36,32289,14464,4828
2020-06-14,Hispanic/Latino,1471.46,633.32,239.87,35628,14852,5355
2020-06-14,White,977.13,303.16,111.54,30927,10918,4376
2020-06-14,Totals,4604.86,1862.03,678.93,106878,43662,15885
2020-06-13,Asian/Pacific-Islander,590.67,252.65,103.1,8036,3427,1325
2020-06-13,Black/African-American,1565.57,672.24,223.97,32286,14453,4820
2020-06-13,Hispanic/Latino,1471.28,632.96,239.77,35623,14843,5353
2020-06-13,White,976.95,302.85,111.36,30921,10908,4369
2020-06-13,Totals,4604.469999999998,1860.7,678.2,106866,43631,15867
2020-06-12,Asian/Pacific-Islander,589.82,252.56,102.91,8025,3426,1323
2020-06-12,Black/African-American,1563.26,671.76,223.27,32240,14442,4804
2020-06-12,Hispanic/Latino,1469.76,632.89,239.41,35587,14842,5345
2020-06-12,White,975.84,302.64,111.01,30884,10901,4355
2020-06-12,Totals,4598.68,1859.85,676.6,106736,43611,15827
2020-06-11,Asian/Pacific-Islander,589.2,252.31,102.83,8016,3422,1321
2020-06-11,Black/African-American,1560.89,670.86,222.42,32192,14425,4786
2020-06-11,Hispanic/Latino,1466.81,631.86,238.72,35517,14818,5330
2020-06-11,White,974.28,302.22,110.79,30835,10885,4347
2020-06-11,Totals,4591.18,1857.25,674.76,106560,43550,15784
2020-06-10,Asian/Pacific-Islander,588.57,252.07,102.37,8007,3419,1316
2020-06-10,Black/African-American,1557.39,670.17,221.77,32124,14410,4772
2020-06-10,Hispanic/Latino,1464.0,631.4,238.39,35449,14807,5322
2020-06-10,White,973.04,302.07,110.62,30797,10880,4340
2020-06-10,Totals,4583.0,1855.71,673.15,106377,43516,15750
2020-06-09,Asian/Pacific-Islander,587.31,251.65,102.19,7990,3412,1313
2020-06-09,Black/African-American,1555.07,669.08,221.17,32077,14388,4759
2020-06-09,Hispanic/Latino,1461.44,630.49,237.43,35386,14785,5301
2020-06-09,White,972.08,301.74,110.24,30763,10869,4325
2020-06-09,Totals,4575.9000000000015,1852.96,671.03,106216,43454,15698
2020-06-08,Asian/Pacific-Islander,586.8,250.91,101.87,7983,3402,1309
2020-06-08,Black/African-American,1553.94,665.88,220.62,32053,14320,4747
2020-06-08,Hispanic/Latino,1459.16,628.88,236.78,35332,14748,5287
2020-06-08,White,971.36,300.65,110.14,30741,10830,4321
2020-06-08,Totals,4571.259999999998,1846.32,669.41,106109,43300,15664
2020-06-07,Asian/Pacific-Islander,586.24,250.67,101.69,7976,3399,1307
2020-06-07,Black/African-American,1551.39,665.61,219.99,32001,14314,4733
2020-06-07,Hispanic/Latino,1457.08,628.63,236.56,35282,14743,5282
2020-06-07,White,970.32,300.46,109.95,30705,10823,4313
2020-06-07,Totals,4565.03,1845.37,668.19,105964,43279,15635
2020-06-06,Asian/Pacific-Islander,584.85,250.07,101.32,7955,3389,1301
2020-06-06,Black/African-American,1547.0,663.3,219.13,31910,14267,4716
2020-06-06,Hispanic/Latino,1455.02,628.78,238.53,35223,14740,5319
2020-06-06,White,967.21,298.99,108.98,30596,10768,4274
2020-06-06,Totals,4554.08,1841.14,667.96,105684,43164,15610
2020-06-05,Asian/Pacific-Islander,581.52,251.77,102.46,7907,3409,1315
2020-06-05,Black/African-American,1540.7,664.35,219.77,31784,14289,4730
2020-06-05,Hispanic/Latino,1416.0,612.02,233.42,34302,14362,5211
2020-06-05,White,963.08,300.21,109.69,30473,10815,4300
2020-06-05,Totals,4501.3,1828.35,665.3399999999998,104466,42875,15556
2020-06-04,Asian/Pacific-Islander,582.08,252.04,102.92,7916,3414,1321
2020-06-04,Black/African-American,1538.64,662.76,219.39,31741,14257,4722
2020-06-04,Hispanic/Latino,1406.0,606.57,231.81,34059,14230,5175
2020-06-04,White,962.23,299.04,109.31,30443,10776,4285
2020-06-04,Totals,4488.950000000002,1820.41,663.4300000000002,104159,42677,15503
2020-06-03,Asian/Pacific-Islander,580.9,252.0,102.74,7901,3414,1319
2020-06-03,Black/African-American,1535.55,661.87,218.52,31679,14240,4704
2020-06-03,Hispanic/Latino,1402.09,605.48,231.15,33964,14204,5161
2020-06-03,White,960.95,298.6,108.95,30401,10761,4272
2020-06-03,Totals,4479.49,1817.95,661.36,103945,42619,15456
2020-06-02,Asian/Pacific-Islander,579.51,251.38,102.38,7880,3405,1314
2020-06-02,Black/African-American,1532.78,661.81,218.28,31621,14236,4698
2020-06-02,Hispanic/Latino,1399.84,605.06,230.44,33910,14195,5146
2020-06-02,White,959.47,298.46,108.61,30349,10750,4259
2020-06-02,Totals,4471.6,1816.71,659.7099999999998,103760,42586,15417
2020-06-01,Asian/Pacific-Islander,579.55,251.1,102.51,7881,3402,1316
2020-06-01,Black/African-American,1530.77,660.38,218.11,31584,14208,4696
2020-06-01,Hispanic/Latino,1396.35,602.26,230.02,33825,14129,5136
2020-06-01,White,959.14,297.59,108.79,30340,10720,4264
2020-06-01,Totals,4465.81,1811.33,659.43,103630,42459,15412
2020-05-31,Asian/Pacific-Islander,578.96,250.77,102.25,7874,3398,1313
2020-05-31,Black/African-American,1527.03,658.59,217.69,31506,14168,4687
2020-05-31,Hispanic/Latino,1392.93,600.41,228.98,33743,14086,5114
2020-05-31,White,957.9,296.54,108.54,30298,10687,4256
2020-05-31,Totals,4456.82,1806.31,657.4599999999998,103421,42339,15370
2020-05-30,Asian/Pacific-Islander,577.66,249.15,102.11,7856,3376,1311
2020-05-30,Black/African-American,1521.53,654.24,216.9,31395,14076,4669
2020-05-30,Hispanic/Latino,1387.3,596.88,227.68,33606,14003,5086
2020-05-30,White,956.38,294.07,108.2,30250,10603,4243
2020-05-30,Totals,4442.87,1794.34,654.8900000000001,103107,42058,15309
2020-05-29,Asian/Pacific-Islander,570.68,247.7,101.39,7761,3356,1302
2020-05-29,Black/African-American,1506.42,651.58,216.07,31092,14021,4652
2020-05-29,Hispanic/Latino,1347.33,591.84,227.02,32614,13883,5070
2020-05-29,White,951.37,291.9,107.72,30093,10530,4225
2020-05-29,Totals,4375.8,1783.02,652.2,101560,41790,15249
2020-05-28,Asian/Pacific-Islander,569.67,247.54,101.04,7748,3354,1298
2020-05-28,Black/African-American,1501.48,651.05,215.39,30992,14009,4636
2020-05-28,Hispanic/Latino,1342.14,590.75,225.83,32486,13858,5043
2020-05-28,White,948.18,291.77,107.22,29996,10524,4208
2020-05-28,Totals,4361.47,1781.11,649.48,101222,41745,15185
2020-05-27,Asian/Pacific-Islander,567.53,246.78,100.83,7719,3345,1295
2020-05-27,Black/African-American,1495.33,650.3,214.8,30870,13994,4623
2020-05-27,Hispanic/Latino,1336.72,589.06,225.07,32355,13819,5026
2020-05-27,White,944.79,290.94,106.72,29887,10495,4188
2020-05-27,Totals,4344.37,1777.08,647.4200000000002,100831,41653,15132
2020-05-26,Asian/Pacific-Islander,567.28,246.93,100.88,7717,3347,1296
2020-05-26,Black/African-American,1492.87,648.96,214.1,30820,13968,4607
2020-05-26,Hispanic/Latino,1334.03,588.11,224.48,32292,13797,5012
2020-05-26,White,944.69,290.86,106.45,29880,10490,4177
2020-05-26,Totals,4338.869999999999,1774.86,645.9100000000002,100709,41602,15092
2020-05-25,Asian/Pacific-Islander,566.55,246.55,99.97,7708,3342,1285
2020-05-25,Black/African-American,1489.75,647.99,213.01,30757,13948,4584
2020-05-25,Hispanic/Latino,1331.13,587.08,223.68,32225,13775,4995
2020-05-25,White,943.04,290.19,105.92,29826,10465,4157
2020-05-25,Totals,4330.47,1771.81,642.58,100516,41530,15021
2020-05-24,Asian/Pacific-Islander,564.65,246.14,99.49,7681,3337,1279
2020-05-24,Black/African-American,1485.23,647.5,212.67,30662,13938,4577
2020-05-24,Hispanic/Latino,1323.75,585.42,222.21,32049,13738,4962
2020-05-24,White,941.42,290.21,105.82,29770,10464,4152
2020-05-24,Totals,4315.05,1769.27,640.19,100162,41477,14970
2020-05-23,Asian/Pacific-Islander,562.98,245.82,99.24,7660,3333,1276
2020-05-23,Black/African-American,1480.31,645.85,211.33,30564,13905,4548
2020-05-23,Hispanic/Latino,1320.14,584.1,221.09,31961,13707,4936
2020-05-23,White,938.83,289.8,105.49,29687,10447,4139
2020-05-23,Totals,4302.26,1765.57,637.15,99872,41392,14899
2020-05-22,Asian/Pacific-Islander,560.65,244.29,98.07,7631,3313,1262
2020-05-22,Black/African-American,1475.75,643.12,210.26,30473,13851,4525
2020-05-22,Hispanic/Latino,1314.06,580.92,219.34,31815,13633,4897
2020-05-22,White,936.45,288.08,105.01,29611,10388,4120
2020-05-22,Totals,4286.91,1756.41,632.68,99530,41185,14804
2020-05-21,Asian/Pacific-Islander,558.56,243.54,97.16,7603,3303,1251
2020-05-21,Black/African-American,1470.0,641.23,208.81,30355,13812,4494
2020-05-21,Hispanic/Latino,1306.84,578.35,217.49,31641,13573,4855
2020-05-21,White,933.62,287.68,104.27,29519,10372,4090
2020-05-21,Totals,4269.02,1750.8,627.73,99118,41060,14690
2020-05-20,Asian/Pacific-Islander,557.19,243.3,96.77,7586,3300,1246
2020-05-20,Black/African-American,1467.35,639.9,207.34,30303,13784,4463
2020-05-20,Hispanic/Latino,1301.52,576.74,215.93,31511,13535,4819
2020-05-20,White,931.08,286.94,103.7,29438,10344,4068
2020-05-20,Totals,4257.14,1746.88,623.74,98838,40963,14596
2020-05-19,Asian/Pacific-Islander,554.82,241.61,95.31,7556,3278,1228
2020-05-19,Black/African-American,1462.25,637.45,206.04,30197,13733,4436
2020-05-19,Hispanic/Latino,1294.87,574.35,214.48,31347,13476,4785
2020-05-19,White,926.29,285.58,102.69,29283,10294,4027
2020-05-19,Totals,4238.23,1738.99,618.52,98383,40781,14476
2020-05-18,Asian/Pacific-Islander,553.26,240.35,94.75,7535,3261,1220
2020-05-18,Black/African-American,1458.46,632.38,204.79,30120,13630,4409
2020-05-18,Hispanic/Latino,1289.36,570.47,212.79,31215,13386,4746
2020-05-18,White,925.27,284.06,102.94,29251,10251,4038
2020-05-18,Totals,4226.35,1727.26,615.27,98121,40528,14413
